# This Source Code Form is subject to the terms of the Waterfox Public
# License, v. 2.0. If a copy of the MPL was not distributed with this
# file, You can obtain one at http://mozilla.org/MPL/2.0/.

pref.timezone.floating=現地時間 (Local Time)
pref.timezone.UTC=協定世界時 (UTC)

# I've derived this list out of timezones.dtd
# - replaced '_' with ' ' on value side
# - corrected 'St xyz' to 'St. xyz'

# timezone names:
pref.timezone.Africa.Abidjan=アフリカ/アビジャン (Abidjan)
pref.timezone.Africa.Accra=アフリカ/アクラ (Accra)
pref.timezone.Africa.Addis_Ababa=アフリカ/アジスアベバ (Addis Ababa)
pref.timezone.Africa.Algiers=アフリカ/アルジェ (Algiers)
pref.timezone.Africa.Asmara=アフリカ/アスメラ (Asmara)
pref.timezone.Africa.Bamako=アフリカ/バマコ (Bamako)
pref.timezone.Africa.Bangui=アフリカ/バンギ (Bangui)
pref.timezone.Africa.Banjul=アフリカ/バンジュール (Banjul)
pref.timezone.Africa.Bissau=アフリカ/ビサウ (Bissau)
pref.timezone.Africa.Blantyre=アフリカ/ブランタイヤ (Blantyre)
pref.timezone.Africa.Brazzaville=アフリカ/ブラチスラバ (Brazzaville)
pref.timezone.Africa.Bujumbura=アフリカ/ブジュンブラ (Bujumbura)
pref.timezone.Africa.Cairo=アフリカ/カイロ (Cairo)
pref.timezone.Africa.Casablanca=アフリカ/カサブランカ (Casablanca)
pref.timezone.Africa.Ceuta=アフリカ/セウタ (Ceuta)
pref.timezone.Africa.Conakry=アフリカ/コナクリ (Conakry)
pref.timezone.Africa.Dakar=アフリカ/ダカール (Dakar)
pref.timezone.Africa.Dar_es_Salaam=アフリカ/ダルエスサラーム (Dar es Salaam)
pref.timezone.Africa.Djibouti=アフリカ/ジブチ (Djibouti)
pref.timezone.Africa.Douala=アフリカ/ドゥアラ (Douala)
pref.timezone.Africa.El_Aaiun=アフリカ/エルアーイウン (El Aaiun)
pref.timezone.Africa.Freetown=アフリカ/フリータウン (Freetown)
pref.timezone.Africa.Gaborone=アフリカ/ガボローネ (Gaborone)
pref.timezone.Africa.Harare=アフリカ/ハラレ (Harare)
pref.timezone.Africa.Johannesburg=アフリカ/ヨハネスブルグ (Johannesburg)
pref.timezone.Africa.Kampala=アフリカ/カンパラ (Kampala)
pref.timezone.Africa.Khartoum=アフリカ/ハルツーム (Khartoum)
pref.timezone.Africa.Kigali=アフリカ/キガリ (Kigali)
pref.timezone.Africa.Kinshasa=アフリカ/キンシャサ (Kinshasa)
pref.timezone.Africa.Lagos=アフリカ/ラゴス (Lagos)
pref.timezone.Africa.Libreville=アフリカ/リーブルビル (Libreville)
pref.timezone.Africa.Lome=アフリカ/ロメ (Lome)
pref.timezone.Africa.Luanda=アフリカ/ルアンダ (Luanda)
pref.timezone.Africa.Lubumbashi=アフリカ/ルブンバシ (Lubumbashi)
pref.timezone.Africa.Lusaka=アフリカ/ルサカ (Lusaka)
pref.timezone.Africa.Malabo=アフリカ/マラボ (Malabo)
pref.timezone.Africa.Maputo=アフリカ/マプート (Maputo)
pref.timezone.Africa.Maseru=アフリカ/マセル (Maseru)
pref.timezone.Africa.Mbabane=アフリカ/ムババーネ (Mbabane)
pref.timezone.Africa.Mogadishu=アフリカ/モガディシュ (Mogadishu)
pref.timezone.Africa.Monrovia=アフリカ/モンロビア (Monrovia)
pref.timezone.Africa.Nairobi=アフリカ/ナイロビ (Nairobi)
pref.timezone.Africa.Ndjamena=アフリカ/ンジャメナ (Ndjamena)
pref.timezone.Africa.Niamey=アフリカ/ニアメ (Niamey)
pref.timezone.Africa.Nouakchott=アフリカ/ヌアクショット (Nouakchott)
pref.timezone.Africa.Ouagadougou=アフリカ/ワガドゥグ (Ouagadougou)
pref.timezone.Africa.Porto-Novo=アフリカ/ポルトノボ (Porto-Novo)
pref.timezone.Africa.Sao_Tome=アフリカ/サントメ (Sao Tome)
pref.timezone.Africa.Tripoli=アフリカ/トリポリ (Tripoli)
pref.timezone.Africa.Tunis=アフリカ/チュニス (Tunis)
pref.timezone.Africa.Windhoek=アフリカ/ウィンドフック (Windhoek)
pref.timezone.America.Adak=アメリカ/アダック (Adak)
pref.timezone.America.Anchorage=アメリカ/アンカレッジ (Anchorage)
pref.timezone.America.Anguilla=アメリカ/アンギラ (Anguilla)
pref.timezone.America.Antigua=アメリカ/アンティグア (Antigua)
pref.timezone.America.Araguaina=アメリカ/アラグアイナ (Araguaina)
pref.timezone.America.Argentina.Buenos_Aires=アメリカ/アルゼンチン/ブエノスアイレス (Buenos Aires)
pref.timezone.America.Argentina.Catamarca=アメリカ/アルゼンチン/カタマルカ (Catamarca)
pref.timezone.America.Argentina.Cordoba=アメリカ/アルゼンチン/コルドバ (Cordoba)
pref.timezone.America.Argentina.Jujuy=アメリカ/アルゼンチン/フフイ (Jujuy)
pref.timezone.America.Argentina.La_Rioja=アメリカ/アルゼンチン/ラリオハ (La Rioja)
pref.timezone.America.Argentina.Mendoza=アメリカ/アルゼンチン/メンドーサ (Mendoza)
pref.timezone.America.Argentina.Rio_Gallegos=アメリカ/アルゼンチン/リオガジェゴス (Rio Gallegos)
pref.timezone.America.Argentina.San_Juan=アメリカ/アルゼンチン/サンファン (San Juan)
pref.timezone.America.Argentina.Tucuman=アメリカ/アルゼンチン/トゥクマン (Tucuman)
pref.timezone.America.Argentina.Ushuaia=アメリカ/アルゼンチン/ウスアイア (Ushuaia)
pref.timezone.America.Aruba=アメリカ/アルバ (Aruba)
pref.timezone.America.Asuncion=アメリカ/アスンシオン (Asuncion)
pref.timezone.America.Atikokan=アメリカ/アティコカン (Atikokan)
pref.timezone.America.Bahia=アメリカ/バイア (Bahia)
pref.timezone.America.Barbados=アメリカ/バルバドス (Barbados)
pref.timezone.America.Belem=アメリカ/ベレン (Belem)
pref.timezone.America.Belize=アメリカ/べリーズ (Belize)
pref.timezone.America.Blanc-Sablon=アメリカ/ブランザブロン (Blanc-Sablon)
pref.timezone.America.Boa_Vista=アメリカ/ボアビスタ (Boa Vista)
pref.timezone.America.Bogota=アメリカ/ボゴダ (Bogota)
pref.timezone.America.Boise=アメリカ/ボイジー (Boise)
pref.timezone.America.Cambridge_Bay=アメリカ/ケンブリッジベイ (Cambridge Bay)
pref.timezone.America.Campo_Grande=アメリカ/カンポグランデ (Campo Grande)
pref.timezone.America.Cancun=アメリカ/カンクン (Cancun)
pref.timezone.America.Caracas=アメリカ/カラカス (Caracas)
pref.timezone.America.Cayenne=アメリカ/カイエンヌ (Cayenne)
pref.timezone.America.Cayman=アメリカ/ケイマン (Cayman)
pref.timezone.America.Chicago=アメリカ/シカゴ (Chicago)
pref.timezone.America.Chihuahua=アメリカ/チワワ (Chihuahua)
pref.timezone.America.Costa_Rica=アメリカ/コスタリカ (Costa Rica)
pref.timezone.America.Cuiaba=アメリカ/クイアバ (Cuiaba)
pref.timezone.America.Curacao=アメリカ/キュラソー (Curacao)
pref.timezone.America.Danmarkshavn=アメリカ/ダンマークシャウン (Danmarkshavn)
pref.timezone.America.Dawson=アメリカ/ドーソン (Dawson)
pref.timezone.America.Dawson_Creek=アメリカ/ドーソンクリーク (Dawson Creek)
pref.timezone.America.Denver=アメリカ/デンバー (Denver)
pref.timezone.America.Detroit=アメリカ/デトロイト (Detroit)
pref.timezone.America.Dominica=アメリカ/ドミニカ (Dominica)
pref.timezone.America.Edmonton=アメリカ/エドモントン (Edmonton)
pref.timezone.America.Eirunepe=アメリカ/エイルネペ (Eirunepe)
pref.timezone.America.El_Salvador=アメリカ/エルサルバドル (El Salvador)
pref.timezone.America.Fortaleza=アメリカ/フォルタレザ (Fortaleza)
pref.timezone.America.Glace_Bay=アメリカ/グレースベイ (Glace Bay)
pref.timezone.America.Godthab=アメリカ/ゴートホープ (Godthab)
pref.timezone.America.Goose_Bay=アメリカ/グースベイ (Goose Bay)
pref.timezone.America.Grand_Turk=アメリカ/グランターク (Grand Turk)
pref.timezone.America.Grenada=アメリカ/グレナダ (Grenada)
pref.timezone.America.Guadeloupe=アメリカ/グアドループ (Guadeloupe)
pref.timezone.America.Guatemala=アメリカ/グアテマラ (Guatemala)
pref.timezone.America.Guayaquil=アメリカ/グアヤキル (Guayaquil)
pref.timezone.America.Guyana=アメリカ/ガイアナ (Guyana)
pref.timezone.America.Halifax=アメリカ/ハリファックス (Halifax)
pref.timezone.America.Havana=アメリカ/ハバナ (Havana)
pref.timezone.America.Hermosillo=アメリカ/ヘルモシジョ (Hermosillo)
pref.timezone.America.Indiana.Indianapolis=アメリカ/インディアナ/インディアナポリス (Indianapolis)
pref.timezone.America.Indiana.Knox=アメリカ/インディアナ/ノックス (Knox)
pref.timezone.America.Indiana.Marengo=アメリカ/インディアナ/マレンゴ (Marengo)
pref.timezone.America.Indiana.Petersburg=アメリカ/インディアナ/ピーターズバーグ (Petersburg)
pref.timezone.America.Indiana.Vevay=アメリカ/インディアナ/ビベー (Vevay)
pref.timezone.America.Indiana.Vincennes=アメリカ/インディアナ/ヴァンセンヌ (Vincennes)
pref.timezone.America.Inuvik=アメリカ/イヌビク (Inuvik)
pref.timezone.America.Iqaluit=アメリカ/イクルート (Iqaluit)
pref.timezone.America.Jamaica=アメリカ/ジャマイカ (Jamaica)
pref.timezone.America.Juneau=アメリカ/ジュノー (Juneau)
pref.timezone.America.Kentucky.Louisville=アメリカ/ケンタッキー/ルイビル (Louisville)
pref.timezone.America.Kentucky.Monticello=アメリカ/ケンタッキー/モンティセロ (Monticello)
pref.timezone.America.La_Paz=アメリカ/ラパス (La Paz)
pref.timezone.America.Lima=アメリカ/リマ (Lima)
pref.timezone.America.Los_Angeles=アメリカ/ロサンゼルス (Los Angeles)
pref.timezone.America.Maceio=アメリカ/マセイオ (Maceio)
pref.timezone.America.Managua=アメリカ/マナグア (Managua)
pref.timezone.America.Manaus=アメリカ/マナウス (Manaus)
pref.timezone.America.Martinique=アメリカ/マルチニーク (Martinique)
pref.timezone.America.Mazatlan=アメリカ/マサトラン (Mazatlan)
pref.timezone.America.Menominee=アメリカ/メノミニー (Menominee)
pref.timezone.America.Merida=アメリカ/メリダ (Merida)
pref.timezone.America.Mexico_City=アメリカ/メキシコシティ (Mexico City)
pref.timezone.America.Miquelon=アメリカ/ミクロン (Miquelon)
pref.timezone.America.Moncton=アメリカ/モンクトン (Moncton)
pref.timezone.America.Monterrey=アメリカ/モンテレイ (Monterrey)
pref.timezone.America.Montevideo=アメリカ/モンテビデオ (Montevideo)
pref.timezone.America.Montreal=アメリカ/モントリオール (Montreal)
pref.timezone.America.Montserrat=アメリカ/モンセラット (Montserrat)
pref.timezone.America.Nassau=アメリカ/ナッソー (Nassau)
pref.timezone.America.New_York=アメリカ/ニューヨーク (New York)
pref.timezone.America.Nipigon=アメリカ/ニピゴン (Nipigon)
pref.timezone.America.Nome=アメリカ/ノーム (Nome)
pref.timezone.America.Noronha=アメリカ/ノローニャ (Noronha)
pref.timezone.America.North_Dakota.Center=アメリカ/ノースダコタ/センター (Center)
pref.timezone.America.North_Dakota.New_Salem=アメリカ/ノースダコタ/ニューセイラム (New Salem)
pref.timezone.America.Panama=アメリカ/パナマ (Panama)
pref.timezone.America.Pangnirtung=アメリカ/パングネグトング (Pangnirtung)
pref.timezone.America.Paramaribo=アメリカ/パラマリボ (Paramaribo)
pref.timezone.America.Phoenix=アメリカ/フェニックス (Phoenix)
pref.timezone.America.Port-au-Prince=アメリカ/ポルトープランス (Port-au-Prince)
pref.timezone.America.Port_of_Spain=アメリカ/ポートオブスペイン (Port of Spain)
pref.timezone.America.Porto_Velho=アメリカ/ポルトベリョ (Porto Velho)
pref.timezone.America.Puerto_Rico=アメリカ/プエルトリコ (Puerto Rico)
pref.timezone.America.Rainy_River=アメリカ/レイニーリバー (Rainy River)
pref.timezone.America.Rankin_Inlet=アメリカ/ランキン湾 (Rankin Inlet)
pref.timezone.America.Recife=アメリカ/レシフェ (Recife)
pref.timezone.America.Regina=アメリカ/レジーナ (Regina)
pref.timezone.America.Rio_Branco=アメリカ/リオブランコ (Rio Branco)
pref.timezone.America.Santiago=アメリカ/サンティアゴ (Santiago)
pref.timezone.America.Santo_Domingo=アメリカ/サントドミンゴ (Santo Domingo)
pref.timezone.America.Sao_Paulo=アメリカ/サンパウロ (Sao Paulo)
pref.timezone.America.Scoresbysund=アメリカ/スコアバイサンド (Scoresbysund)
pref.timezone.America.Shiprock=アメリカ/シップロック (Shiprock)
pref.timezone.America.St_Johns=アメリカ/セントジョーンズ (St. Johns)
pref.timezone.America.St_Kitts=アメリカ/セントキッツ (St. Kitts)
pref.timezone.America.St_Lucia=アメリカ/セントルシア (St. Lucia)
pref.timezone.America.St_Thomas=アメリカ/セントトーマス (St. Thomas)
pref.timezone.America.St_Vincent=アメリカ/セントビンセント (St. Vincent)
pref.timezone.America.Swift_Current=アメリカ/スィフトカレント (Swift Current)
pref.timezone.America.Tegucigalpa=アメリカ/テグシガルパ (Tegucigalpa)
pref.timezone.America.Thule=アメリカ/トゥーレ (Thule)
pref.timezone.America.Thunder_Bay=アメリカ/サンダーベイ (Thunder Bay)
pref.timezone.America.Tijuana=アメリカ/ティファナ (Tijuana)
pref.timezone.America.Toronto=アメリカ/トロント (Toronto)
pref.timezone.America.Tortola=アメリカ/トルトラ (Tortola)
pref.timezone.America.Vancouver=アメリカ/バンクーバー (Vancouver)
pref.timezone.America.Whitehorse=アメリカ/ホワイトホース (Whitehorse)
pref.timezone.America.Winnipeg=アメリカ/ウィニペグ (Winnipeg)
pref.timezone.America.Yakutat=アメリカ/ヤクタット (Yakutat)
pref.timezone.America.Yellowknife=アメリカ/イエローナイフ (Yellowknife)
pref.timezone.Antarctica.Casey=南極大陸/ケーシー (Casey)
pref.timezone.Antarctica.Davis=南極大陸/デービス (Davis)
pref.timezone.Antarctica.DumontDUrville=南極大陸/デュモンデュルヴィル (DumontDUrville)
pref.timezone.Antarctica.Mawson=南極大陸/モーソン (Mawson)
pref.timezone.Antarctica.McMurdo=南極大陸/マクマード (McMurdo)
pref.timezone.Antarctica.Palmer=南極大陸/パーマー (Palmer)
pref.timezone.Antarctica.Rothera=南極大陸/ロゼラ (Rothera)
pref.timezone.Antarctica.South_Pole=南極大陸/南極点 (South Pole)
pref.timezone.Antarctica.Syowa=南極大陸/昭和基地 (Syowa)
pref.timezone.Antarctica.Vostok=南極大陸/ヴォストク (Vostok)
pref.timezone.Arctic.Longyearbyen=北極/ロングイヤービーエン (Longyearbyen)
pref.timezone.Asia.Aden=アジア/アデン (Aden)
pref.timezone.Asia.Almaty=アジア/アルマトイ (Almaty)
pref.timezone.Asia.Amman=アジア/アンマン (Amman)
pref.timezone.Asia.Anadyr=アジア/アナディリ (Anadyr)
pref.timezone.Asia.Aqtau=アジア/アクタウ (Aqtau)
pref.timezone.Asia.Aqtobe=アジア/アクトベ (Aqtobe)
pref.timezone.Asia.Ashgabat=アジア/アシハバード (Ashgabat)
pref.timezone.Asia.Baghdad=アジア/バグダッド (Baghdad)
pref.timezone.Asia.Bahrain=アジア/バーレーン (Bahrain)
pref.timezone.Asia.Baku=アジア/バクー (Baku)
pref.timezone.Asia.Bangkok=アジア/バンコク (Bangkok)
pref.timezone.Asia.Beirut=アジア/ベイルート (Beirut)
pref.timezone.Asia.Bishkek=アジア/ビシュケク (Bishkek)
pref.timezone.Asia.Brunei=アジア/ブルネイ (Brunei)
pref.timezone.Asia.Choibalsan=アジア/チョイバルサン (Choibalsan)
pref.timezone.Asia.Chongqing=アジア/重慶 (Chongqing)
pref.timezone.Asia.Colombo=アジア/コロンボ (Colombo)
pref.timezone.Asia.Damascus=アジア/ダマスカス (Damascus)
pref.timezone.Asia.Dhaka=アジア/ダッカ (Dhaka)
pref.timezone.Asia.Dili=アジア/ディリ (Dili)
pref.timezone.Asia.Dubai=アジア/ドバイ (Dubai)
pref.timezone.Asia.Dushanbe=アジア/ドゥシャンベ (Dushanbe)
pref.timezone.Asia.Gaza=アジア/ガザ (Gaza)
pref.timezone.Asia.Harbin=アジア/ハルピン (Harbin)
pref.timezone.Asia.Hong_Kong=アジア/香港 (Hong Kong)
pref.timezone.Asia.Hovd=アジア/ホフド (Hovd)
pref.timezone.Asia.Irkutsk=アジア/イルクーツク (Irkutsk)
pref.timezone.Asia.Istanbul=アジア/イスタンブール (Istanbul)
pref.timezone.Asia.Jakarta=アジア/ジャカルタ (Jakarta)
pref.timezone.Asia.Jayapura=アジア/ジャヤプラ (Jayapura)
pref.timezone.Asia.Jerusalem=アジア/エルサレム (Jerusalem)
pref.timezone.Asia.Kabul=アジア/カブール (Kabul)
pref.timezone.Asia.Kamchatka=アジア/カムチャツカ (Kamchatka)
pref.timezone.Asia.Karachi=アジア/カラチ (Karachi)
pref.timezone.Asia.Kashgar=アジア/カシュガル (Kashgar)
pref.timezone.Asia.Kathmandu=アジア/カトマンズ (Kathmandu)
pref.timezone.Asia.Krasnoyarsk=アジア/クラスノヤルスク (Krasnoyarsk)
pref.timezone.Asia.Kuala_Lumpur=アジア/クアラルンプール (Kuala Lumpur)
pref.timezone.Asia.Kuching=アジア/クチン (Kuching)
pref.timezone.Asia.Kuwait=アジア/クウェート (Kuwait)
pref.timezone.Asia.Macau=アジア/マカオ (Macau)
pref.timezone.Asia.Magadan=アジア/マガダン (Magadan)
pref.timezone.Asia.Makassar=アジア/マカッサル (Makassar)
pref.timezone.Asia.Manila=アジア/マニラ (Manila)
pref.timezone.Asia.Muscat=アジア/マスカット (Muscat)
pref.timezone.Asia.Nicosia=アジア/ニコシア (Nicosia)
pref.timezone.Asia.Novosibirsk=アジア/ノボシビルスク (Novosibirsk)
pref.timezone.Asia.Omsk=アジア/オムスク (Omsk)
pref.timezone.Asia.Oral=アジア/オラル (Oral)
pref.timezone.Asia.Phnom_Penh=アジア/プノンペン (Phnom Penh)
pref.timezone.Asia.Pontianak=アジア/ポンティアナック (Pontianak)
pref.timezone.Asia.Pyongyang=アジア/平壌 (Pyongyang)
pref.timezone.Asia.Qatar=アジア/カタール (Qatar)
pref.timezone.Asia.Qyzylorda=アジア/クズロルダ (Qyzylorda)
pref.timezone.Asia.Rangoon=アジア/ラングーン (Rangoon)
pref.timezone.Asia.Riyadh=アジア/リヤド (Riyadh)
pref.timezone.Asia.Sakhalin=アジア/サハリン (Sakhalin)
pref.timezone.Asia.Samarkand=アジア/サマルカンド (Samarkand)
pref.timezone.Asia.Seoul=アジア/ソウル (Seoul)
pref.timezone.Asia.Shanghai=アジア/上海 (Shanghai)
pref.timezone.Asia.Singapore=アジア/シンガポール (Singapore)
pref.timezone.Asia.Taipei=アジア/台北 (Taipei)
pref.timezone.Asia.Tashkent=アジア/タシュケント (Tashkent)
pref.timezone.Asia.Tbilisi=アジア/トビリシ (Tbilisi)
pref.timezone.Asia.Tehran=アジア/テヘラン (Tehran)
pref.timezone.Asia.Thimphu=アジア/ティンブー (Thimphu)
pref.timezone.Asia.Tokyo=アジア/東京 (Tokyo)
pref.timezone.Asia.Ulaanbaatar=アジア/ウランバートル (Ulaanbaatar)
pref.timezone.Asia.Urumqi=アジア/ウルムチ (Urumqi)
pref.timezone.Asia.Vientiane=アジア/ビエンチャン (Vientiane)
pref.timezone.Asia.Vladivostok=アジア/ウラジオストック (Vladivostok)
pref.timezone.Asia.Yakutsk=アジア/ヤクーツク (Yakutsk)
pref.timezone.Asia.Yekaterinburg=アジア/エカテリンブルグ (Yekaterinburg)
pref.timezone.Asia.Yerevan=アジア/エレバン (Yerevan)
pref.timezone.Atlantic.Azores=大西洋/アゾレス (Azores)
pref.timezone.Atlantic.Bermuda=大西洋/バミューダ (Bermuda)
pref.timezone.Atlantic.Canary=大西洋/カナリア (Canary)
pref.timezone.Atlantic.Cape_Verde=大西洋/カーボベルデ (Cape Verde)
pref.timezone.Atlantic.Faroe=大西洋/フェロー (Faroe)
pref.timezone.Atlantic.Madeira=大西洋/マデイラ (Madeira)
pref.timezone.Atlantic.Reykjavik=大西洋/レイキャビク (Reykjavik)
pref.timezone.Atlantic.South_Georgia=大西洋/サウスジョージア (South Georgia)
pref.timezone.Atlantic.St_Helena=大西洋/セントへレナ (St. Helena)
pref.timezone.Atlantic.Stanley=大西洋/スタンリー (Stanley)
pref.timezone.Australia.Adelaide=オーストラリア/アデレイド (Adelaide)
pref.timezone.Australia.Brisbane=オーストラリア/ブリスベン (Brisbane)
pref.timezone.Australia.Broken_Hill=オーストラリア/ブロークンヒル (Broken Hill)
pref.timezone.Australia.Currie=オーストラリア/カリー (Currie)
pref.timezone.Australia.Darwin=オーストラリア/ダーウィン (Darwin)
pref.timezone.Australia.Eucla=オーストラリア/ユークラ (Eucla)
pref.timezone.Australia.Hobart=オーストラリア/ホバート (Hobart)
pref.timezone.Australia.Lindeman=オーストラリア/リンデマン (Lindeman)
pref.timezone.Australia.Lord_Howe=オーストラリア/ロードハウ (Lord Howe)
pref.timezone.Australia.Melbourne=オーストラリア/メルボルン (Melbourne)
pref.timezone.Australia.Perth=オーストラリア/パース (Perth)
pref.timezone.Australia.Sydney=オーストラリア/シドニー (Sydney)
pref.timezone.Europe.Amsterdam=ヨーロッパ/アムステルダム (Amsterdam)
pref.timezone.Europe.Andorra=ヨーロッパ/アンドラ (Andorra)
pref.timezone.Europe.Athens=ヨーロッパ/アテネ (Athens)
pref.timezone.Europe.Belgrade=ヨーロッパ/ベオグラード (Belgrade)
pref.timezone.Europe.Berlin=ヨーロッパ/ベルリン (Berlin)
pref.timezone.Europe.Bratislava=ヨーロッパ/ブラチスラバ (Bratislava)
pref.timezone.Europe.Brussels=ヨーロッパ/ブリュッセル (Brussels)
pref.timezone.Europe.Bucharest=ヨーロッパ/ブカレスト (Bucharest)
pref.timezone.Europe.Budapest=ヨーロッパ/ブダペスト (Budapest)
pref.timezone.Europe.Chisinau=ヨーロッパ/キシニョフ (Chisinau)
pref.timezone.Europe.Copenhagen=ヨーロッパ/コペンハーゲン (Copenhagen)
pref.timezone.Europe.Dublin=ヨーロッパ/ダブリン (Dublin)
pref.timezone.Europe.Gibraltar=ヨーロッパ/ジブラルタル (Gibraltar)
pref.timezone.Europe.Guernsey=ヨーロッパ/ガーンジー (Guernsey)
pref.timezone.Europe.Helsinki=ヨーロッパ/ヘルシンキ (Helsinki)
pref.timezone.Europe.Isle_of_Man=ヨーロッパ/マン島 (Isle of Man)
pref.timezone.Europe.Istanbul=ヨーロッパ/イスタンブール (Istanbul)
pref.timezone.Europe.Jersey=ヨーロッパ/ジャージー島 (Jersey)
pref.timezone.Europe.Kaliningrad=ヨーロッパ/カリーニングラード (Kaliningrad)
pref.timezone.Europe.Kiev=ヨーロッパ/キエフ (Kiev)
pref.timezone.Europe.Lisbon=ヨーロッパ/リスボン (Lisbon)
pref.timezone.Europe.Ljubljana=ヨーロッパ/リュブリャナ (Ljubljana)
pref.timezone.Europe.London=ヨーロッパ/ロンドン (London)
pref.timezone.Europe.Luxembourg=ヨーロッパ/ルクセンブルグ (Luxembourg)
pref.timezone.Europe.Madrid=ヨーロッパ/マドリッド (Madrid)
pref.timezone.Europe.Malta=ヨーロッパ/マルタ (Malta)
pref.timezone.Europe.Mariehamn=ヨーロッパ/マリーハムン (Mariehamn)
pref.timezone.Europe.Minsk=ヨーロッパ/ミンスク (Minsk)
pref.timezone.Europe.Monaco=ヨーロッパ/モナコ (Monaco)
pref.timezone.Europe.Moscow=ヨーロッパ/モスクワ (Moscow)
pref.timezone.Europe.Nicosia=ヨーロッパ/ニコシア (Nicosia)
pref.timezone.Europe.Oslo=ヨーロッパ/オスロ (Oslo)
pref.timezone.Europe.Paris=ヨーロッパ/パリ (Paris)
pref.timezone.Europe.Podgorica=ヨーロッパ/ポドゴリツァ (Podgorica)
pref.timezone.Europe.Prague=ヨーロッパ/プラハ (Prague)
pref.timezone.Europe.Riga=ヨーロッパ/リガ (Riga)
pref.timezone.Europe.Rome=ヨーロッパ/ローマ (Rome)
pref.timezone.Europe.Samara=ヨーロッパ/サマラ (Samara)
pref.timezone.Europe.San_Marino=ヨーロッパ/サンマリノ (San Marino)
pref.timezone.Europe.Sarajevo=ヨーロッパ/サラエボ (Sarajevo)
pref.timezone.Europe.Simferopol=ヨーロッパ/シンフェロポリ (Simferopol)
pref.timezone.Europe.Skopje=ヨーロッパ/スコピエ (Skopje)
pref.timezone.Europe.Sofia=ヨーロッパ/ソフィア (Sofia)
pref.timezone.Europe.Stockholm=ヨーロッパ/ストックホルム (Stockholm)
pref.timezone.Europe.Tallinn=ヨーロッパ/タリン (Tallinn)
pref.timezone.Europe.Tirane=ヨーロッパ/ティラナ (Tirane)
pref.timezone.Europe.Uzhgorod=ヨーロッパ/ウシュホロト (Uzhgorod)
pref.timezone.Europe.Vaduz=ヨーロッパ/ファドゥーツ (Vaduz)
pref.timezone.Europe.Vatican=ヨーロッパ/バチカン (Vatican)
pref.timezone.Europe.Vienna=ヨーロッパ/ウィーン (Vienna)
pref.timezone.Europe.Vilnius=ヨーロッパ/ビリニュス (Vilnius)
pref.timezone.Europe.Volgograd=ヨーロッパ/ヴォルゴグラード (Volgograd)
pref.timezone.Europe.Warsaw=ヨーロッパ/ワルシャワ (Warsaw)
pref.timezone.Europe.Zagreb=ヨーロッパ/ザグレブ (Zagreb)
pref.timezone.Europe.Zaporozhye=ヨーロッパ/ザポロージェ (Zaporozhye)
pref.timezone.Europe.Zurich=ヨーロッパ/チューリッヒ (Zurich)
pref.timezone.Indian.Antananarivo=インド/アンタナナリボ (Antananarivo)
pref.timezone.Indian.Chagos=インド/チャゴス (Chagos)
pref.timezone.Indian.Christmas=インド/クリスマス (Christmas)
pref.timezone.Indian.Cocos=インド/ココス (Cocos)
pref.timezone.Indian.Comoro=インド/コモロ (Comoro)
pref.timezone.Indian.Kerguelen=インド/ケルグラン (Kerguelen)
pref.timezone.Indian.Mahe=インド/マヘ (Mahe)
pref.timezone.Indian.Maldives=インド/モルディブ (Maldives)
pref.timezone.Indian.Mauritius=インド/モーリシャス (Mauritius)
pref.timezone.Indian.Mayotte=インド/マイヨット (Mayotte)
pref.timezone.Indian.Reunion=インド/レユニオン (Reunion)
pref.timezone.Pacific.Apia=太平洋/アピア (Apia)
pref.timezone.Pacific.Auckland=太平洋/オークランド (Auckland)
pref.timezone.Pacific.Chatham=太平洋/チャタム (Chatham)
pref.timezone.Pacific.Easter=太平洋/イースター (Easter)
pref.timezone.Pacific.Efate=太平洋/エファティ (Efate)
pref.timezone.Pacific.Enderbury=太平洋/エンダーバリ (Enderbury)
pref.timezone.Pacific.Fakaofo=太平洋/ファカオフォ (Fakaofo)
pref.timezone.Pacific.Fiji=太平洋/フィジー (Fiji)
pref.timezone.Pacific.Funafuti=太平洋/フナフティ (Funafuti)
pref.timezone.Pacific.Galapagos=太平洋/ガラパゴス (Galapagos)
pref.timezone.Pacific.Gambier=太平洋/ガンビア (Gambier)
pref.timezone.Pacific.Guadalcanal=太平洋/ガダルカナル (Guadalcanal)
pref.timezone.Pacific.Guam=太平洋/グアム (Guam)
pref.timezone.Pacific.Honolulu=太平洋/ホノルル (Honolulu)
pref.timezone.Pacific.Johnston=太平洋/ジョンストン (Johnston)
pref.timezone.Pacific.Kiritimati=太平洋/キリティマティ (Kiritimati)
pref.timezone.Pacific.Kosrae=太平洋/コスラエ (Kosrae)
pref.timezone.Pacific.Kwajalein=太平洋/クワジェリン (Kwajalein)
pref.timezone.Pacific.Majuro=太平洋/マジュロ (Majuro)
pref.timezone.Pacific.Marquesas=太平洋/マルケサス (Marquesas)
pref.timezone.Pacific.Midway=太平洋/ミッドウェー (Midway)
pref.timezone.Pacific.Nauru=太平洋/ナウル (Nauru)
pref.timezone.Pacific.Niue=太平洋/ニウエ (Niue)
pref.timezone.Pacific.Norfolk=太平洋/ノーフォーク (Norfolk)
pref.timezone.Pacific.Noumea=太平洋/ヌーメア (Noumea)
pref.timezone.Pacific.Pago_Pago=太平洋/パゴパゴ (Pago Pago)
pref.timezone.Pacific.Palau=太平洋/パラオ (Palau)
pref.timezone.Pacific.Pitcairn=太平洋/ピトケアン (Pitcairn)
pref.timezone.Pacific.Ponape=太平洋/ポナペ (Ponape)
pref.timezone.Pacific.Port_Moresby=太平洋/ポートモレスビー (Port Moresby)
pref.timezone.Pacific.Rarotonga=太平洋/ラロトンガ (Rarotonga)
pref.timezone.Pacific.Saipan=太平洋/サイパン (Saipan)
pref.timezone.Pacific.Tahiti=太平洋/タヒチ (Tahiti)
pref.timezone.Pacific.Tarawa=太平洋/タラワ (Tarawa)
pref.timezone.Pacific.Tongatapu=太平洋/トンガタプ (Tongatapu)
pref.timezone.Pacific.Truk=太平洋/トラック (Truk)
pref.timezone.Pacific.Wake=太平洋/ウェーキ (Wake)
pref.timezone.Pacific.Wallis=太平洋/ウォリス (Wallis)

# the following have been missing
pref.timezone.America.Indiana.Tell_City=アメリカ/インディアナ/テルシティ (Tell City)
pref.timezone.America.Indiana.Winamac=アメリカ/インディアナ/ウィナマック (Winamac)
pref.timezone.America.Marigot=アメリカ/マリゴ (Marigot)
pref.timezone.America.Resolute=アメリカ/レゾリュート (Resolute)
pref.timezone.America.St_Barthelemy=アメリカ/サンバルテルミー (St. Barthelemy)

# added with 2008d:
pref.timezone.America.Argentina.San_Luis=アメリカ/アルゼンチン/サンルイス (San Luis)
pref.timezone.America.Santarem=アメリカ/サンタレン (Santarem)
pref.timezone.Asia.Ho_Chi_Minh=アジア/ホーチミン (Ho Chi Minh)
pref.timezone.Asia.Kolkata=アジア/コルカタ (Kolkata)

# added with 2008i:
pref.timezone.America.Argentina.Salta=アメリカ/アルゼンチン/サルタ (Salta)

# added with 2010i
pref.timezone.America.Matamoros=アメリカ/マタモロス (Matamoros)
pref.timezone.America.Ojinaga=アメリカ/オヒナガ (Ojinaga)
pref.timezone.America.Santa_Isabel=アメリカ/サンタイサベル (Santa Isabel)
pref.timezone.Antarctica.Macquarie=南極大陸/マッコーリー島 (Macquarie)
pref.timezone.Asia.Novokuznetsk=アジア/ノヴォクズネツク (Novokuznetsk)

#added with 2011b
pref.timezone.America.Bahia_Banderas=アメリカ/バイーアデバンデラス (Bahia Banderas)
pref.timezone.America.North_Dakota.Beulah=アメリカ/ノースダコタ/ビューラー (Beulah)
pref.timezone.Pacific.Chuuk=太平洋/チューク諸島 (Chuuk)
pref.timezone.Pacific.Pohnpei=太平洋/ポンペイ島 (Pohnpei)

#added with 2011n
pref.timezone.Africa.Juba=アフリカ/ジュバ (Juba)
pref.timezone.America.Kralendijk=アメリカ/クラレンダイク (Kralendijk)
pref.timezone.America.Lower_Princes=アメリカ/ローワープリンシズ (Lower Princes)
pref.timezone.America.Metlakatla=アメリカ/メトラカトラ (Metlakatla)
pref.timezone.America.Sitka=アメリカ/シトカ (Sitka)
pref.timezone.Asia.Hebron=アジア/ヘブロン (Hebron)

#added with 2013a
pref.timezone.America.Creston=アメリカ/クレストン (Creston)
pref.timezone.Asia.Khandyga=アジア/ハンドゥイガ (Khandyga)
pref.timezone.Asia.Ust-Nera=アジア/ウスチネラ (Ust-Nera)
pref.timezone.Europe.Busingen=ヨーロッパ/ビュージンゲン (Busingen)

#added with 2014b
pref.timezone.Antarctica.Troll=南極大陸/トロール基地 (Troll)

#added with 2014j
pref.timezone.Asia.Chita=アジア/チタ (Chita)
pref.timezone.Asia.Srednekolymsk=アジア/スレドネコリムスク (Srednekolymsk)
pref.timezone.Pacific.Bougainville=太平洋/ブーゲンビル島 (Bougainville)

#added with 2.2015g
pref.timezone.America.Fort_Nelson=アメリカ/フォートネルソン (Fort Nelson)

#added with 2.2016b
pref.timezone.Europe.Ulyanovsk=ヨーロッパ/ウリヤノフスク (Ulyanovsk)
pref.timezone.Europe.Astrakhan=ヨーロッパ/アストラハン (Astrakhan)
pref.timezone.Asia.Barnaul=アジア/バルナウル (Barnaul)

#added with 2.2016i
pref.timezone.Asia.Yangon=アジア/ヤンゴン (Yangon)
pref.timezone.Asia.Tomsk=アジア/トムスク (Tomsk)
pref.timezone.Asia.Famagusta=アジア/ファマグスタ (Famagusta)
pref.timezone.Europe.Kirov=ヨーロッパ/キーロフ (Kirov)

#added with 2.2016j
pref.timezone.Europe.Saratov=ヨーロッパ/サラトフ (Saratov)
pref.timezone.Asia.Atyrau=アジア/アティラウ (Atyrau)

#added with 2.2017b
pref.timezone.America.Punta_Arenas=アメリカ/プンタアレーナス (Punta Arenas)

#added with 2.2018i
pref.timezone.Asia.Qostanay=アジア/コスタナイ (Qostanay)

#added with 2.2020a
pref.timezone.America.Nuuk=アメリカ/ヌーク (Nuuk)
