# This Source Code Form is subject to the terms of the Waterfox Public
# License, v. 2.0. If a copy of the MPL was not distributed with this
# file, You can obtain one at http://mozilla.org/MPL/2.0/.

# extension:
extensions.calendar-timezones@mozilla.org.name=Ορισμοί ζωνών ώρας για το Ημερολόγιο Waterfox
extensions.calendar-timezones@mozilla.org.description=Ορισμοί ζωνών ώρας που απαιτούνται από το Lightning
extensions.calendar-timezones@mozilla.org.creator=Ημερολογιακό εγχείρημα Waterfox

pref.timezone.floating=Τοπική ώρα
pref.timezone.UTC=Συγχρονισμένος Παγκόσμιος Χρόνος/Ώρα Γκρήνουιτς

# I've derived this list out of timezones.dtd
# - replaced '_' with ' ' on value side
# - corrected 'St xyz' to 'St. xyz'

# timezone names:
pref.timezone.Africa.Abidjan=Αφρική/Αμπιτζάν
pref.timezone.Africa.Accra=Αφρική/Άκκρα
pref.timezone.Africa.Addis_Ababa=Αφρική/Αντίς Αμπέμπα
pref.timezone.Africa.Algiers=Αφρική/Αλγέρι
pref.timezone.Africa.Asmara=Αφρική/Ασμάρα
pref.timezone.Africa.Bamako=Αφρική/Μπαμάκο
pref.timezone.Africa.Bangui=Αφρική/Μπανγκί
pref.timezone.Africa.Banjul=Αφρική/Μπανζούλ
pref.timezone.Africa.Bissau=Αφρική/Μπισσάου
pref.timezone.Africa.Blantyre=Αφρική/Μπλαντάιρ
pref.timezone.Africa.Brazzaville=Αφρική/Μπραζαβίλ
pref.timezone.Africa.Bujumbura=Αφρική/Μπουζουμπούρα
pref.timezone.Africa.Cairo=Αφρική/Κάιρο
pref.timezone.Africa.Casablanca=Αφρική/Καζαμπλάνκα
pref.timezone.Africa.Ceuta=Αφρική/Θέουτα
pref.timezone.Africa.Conakry=Αφρική/Κονακρύ
pref.timezone.Africa.Dakar=Αφρική/Ντακάρ
pref.timezone.Africa.Dar_es_Salaam=Αφρική/Νταρ ες Σαλάμ
pref.timezone.Africa.Djibouti=Αφρική/Τζιμπουτί
pref.timezone.Africa.Douala=Αφρική/Ντουάλα
pref.timezone.Africa.El_Aaiun=Αφρική/Λααγιούν
pref.timezone.Africa.Freetown=Αφρική/Φριτάουν
pref.timezone.Africa.Gaborone=Αφρική/Γκαμπορόν
pref.timezone.Africa.Harare=Αφρική/Χαράρε
pref.timezone.Africa.Johannesburg=Αφρική/Γιοχάνεσμπουργκ
pref.timezone.Africa.Kampala=Αφρική/Καμπάλα
pref.timezone.Africa.Khartoum=Αφρική/Χαρτούμ
pref.timezone.Africa.Kigali=Αφρική/Κιγκάλι
pref.timezone.Africa.Kinshasa=Αφρική/Κινσάσα
pref.timezone.Africa.Lagos=Αφρική/Λάγος
pref.timezone.Africa.Libreville=Αφρική/Λιμπρβίλ
pref.timezone.Africa.Lome=Αφρική/Λομέ
pref.timezone.Africa.Luanda=Αφρική/Λουάντα
pref.timezone.Africa.Lubumbashi=Αφρική/Λουμπουμπάσι
pref.timezone.Africa.Lusaka=Αφρική/Λουσάκα
pref.timezone.Africa.Malabo=Αφρική/Μαλάμπο
pref.timezone.Africa.Maputo=Αφρική/Μαπούτο
pref.timezone.Africa.Maseru=Αφρική/Μαζέρου
pref.timezone.Africa.Mbabane=Αφρική/Μπαμπάνε
pref.timezone.Africa.Mogadishu=Αφρική/Μογκαντίσου
pref.timezone.Africa.Monrovia=Αφρική/Μονροβία
pref.timezone.Africa.Nairobi=Αφρική/Ναϊρόμπι
pref.timezone.Africa.Ndjamena=Αφρική/Ντζαμένα
pref.timezone.Africa.Niamey=Αφρική/Νιαμέυ
pref.timezone.Africa.Nouakchott=Αφρική/Νουαξότ
pref.timezone.Africa.Ouagadougou=Αφρική/Ουαγκαντούγκου
pref.timezone.Africa.Porto-Novo=Αφρική/Πόρτο-Νόβο
pref.timezone.Africa.Sao_Tome=Αφρική/Σάο Τομέ
pref.timezone.Africa.Tripoli=Αφρική/Τρίπολη
pref.timezone.Africa.Tunis=Αφρική/Τύνιδα
pref.timezone.Africa.Windhoek=Αφρική/Βίντχουκ
pref.timezone.America.Adak=Αμερική/Αντάκ
pref.timezone.America.Anchorage=Αμερική/Άνκορατζ
pref.timezone.America.Anguilla=Αμερική/Ανγκουίλα
pref.timezone.America.Antigua=Αμερική/Αντίγκουα
pref.timezone.America.Araguaina=Αμερική/Αραγουαΐνα
pref.timezone.America.Argentina.Buenos_Aires=Αμερική/Αργεντινή/Μπουένος Άιρες
pref.timezone.America.Argentina.Catamarca=Αμερική/Αργεντινή/Καταμάρκα
pref.timezone.America.Argentina.Cordoba=Αμερική/Αργεντινή/Κόρδοβα
pref.timezone.America.Argentina.Jujuy=Αμερική/Αργεντινή/Χουχούι
pref.timezone.America.Argentina.La_Rioja=Αμερική/Αργεντινή/Λα Ριόχα
pref.timezone.America.Argentina.Mendoza=Αμερική/Αργεντινή/Μεντόσα
pref.timezone.America.Argentina.Rio_Gallegos=Αμερική/Αργεντινή/Ρίο Καλέγκος
pref.timezone.America.Argentina.San_Juan=Αμερική/Αργεντινή/Σαν Χουάν
pref.timezone.America.Argentina.Tucuman=Αμερική/Αργεντινή/Τουκουμάν
pref.timezone.America.Argentina.Ushuaia=Αμερική/Αργεντινή/Ουσουαΐα
pref.timezone.America.Aruba=Αμερική/Αρούμπα
pref.timezone.America.Asuncion=Αμερική/Ασουνσιόν
pref.timezone.America.Atikokan=Αμερική/Ατικοτάν
pref.timezone.America.Bahia=Αμερική/Μπαχία
pref.timezone.America.Barbados=Αμερική/Μπαρμπάντος
pref.timezone.America.Belem=Αμερική/Μπελέμ
pref.timezone.America.Belize=Αμερική/Μπελίζ
pref.timezone.America.Blanc-Sablon=Αμερική/Μπλαν Σαμπλόν
pref.timezone.America.Boa_Vista=Αμερική/Μπόα Βίστα
pref.timezone.America.Bogota=Αμερική/Μπογκοτά
pref.timezone.America.Boise=Αμερική/Μπόιζι
pref.timezone.America.Cambridge_Bay=Αμερική/Κέιμπριτζ Μπέι
pref.timezone.America.Campo_Grande=Αμερική/Κάμπο Γκράντε
pref.timezone.America.Cancun=Αμερική/Κανκούν
pref.timezone.America.Caracas=Αμερική/Καράκας
pref.timezone.America.Cayenne=Αμερική/Καϋέν
pref.timezone.America.Cayman=Αμερική/Καϋμάν
pref.timezone.America.Chicago=Αμερική/Σικάγο
pref.timezone.America.Chihuahua=Αμερική/Τσιουάουα
pref.timezone.America.Costa_Rica=Αμερική/Κόστα Ρίκα
pref.timezone.America.Cuiaba=Αμερική/Κουϊαμπά
pref.timezone.America.Curacao=Αμερική/Κουρασάο
pref.timezone.America.Danmarkshavn=Αμερική/Ντάνμαρκσχαβν
pref.timezone.America.Dawson=Αμερική/Ντώσον
pref.timezone.America.Dawson_Creek=Αμερική/Ντώσον Κρηκ
pref.timezone.America.Denver=Αμερική/Ντένβερ
pref.timezone.America.Detroit=Αμερική/Ντητρόιτ
pref.timezone.America.Dominica=Αμερική/Ντομίνικα
pref.timezone.America.Edmonton=Αμερική/Έντμοντον
pref.timezone.America.Eirunepe=Αμερική/Εϊρουνέπε
pref.timezone.America.El_Salvador=Αμερική/Ελ Σαλβαδόρ
pref.timezone.America.Fortaleza=Αμερική/Φορταλέτσα
pref.timezone.America.Glace_Bay=Αμερική/Γκλέις Μπέι
pref.timezone.America.Godthab=Αμερική/Γκόντχαμπ
pref.timezone.America.Goose_Bay=Αμερική/Γκουζ Μπέι
pref.timezone.America.Grand_Turk=Αμερική/Γκραντ Τερκ
pref.timezone.America.Grenada=Αμερική/Γρενάδα
pref.timezone.America.Guadeloupe=Αμερική/Γουαδελούπη
pref.timezone.America.Guatemala=Αμερική/Γουατεμάλα
pref.timezone.America.Guayaquil=Αμερική/Γουαγιακίλ
pref.timezone.America.Guyana=Αμερική/Γουϊάνα
pref.timezone.America.Halifax=Αμερική/Χάλιφαξ
pref.timezone.America.Havana=Αμερική/Αβάνα
pref.timezone.America.Hermosillo=Αμερική/Ερμοσίλιο
pref.timezone.America.Indiana.Indianapolis=Αμερική/Ινδιάνα/Ινδιανάπολη
pref.timezone.America.Indiana.Knox=Αμερική/Ινδιάνα/Νοξ
pref.timezone.America.Indiana.Marengo=Αμερική/Ινδιάνα/Μαρένγκο
pref.timezone.America.Indiana.Petersburg=Αμερική/Ινδιάνα/Πήτερσμπεργκ
pref.timezone.America.Indiana.Vevay=Αμερική/Ινδιάνα/Βέβεϋ
pref.timezone.America.Indiana.Vincennes=Αμερική/Ινδιάνα/Βενσένς
pref.timezone.America.Inuvik=Αμερική/Ινουβίκ
pref.timezone.America.Iqaluit=Αμερική/Ικαλουίτ
pref.timezone.America.Jamaica=Αμερική/Τζαμάικα
pref.timezone.America.Juneau=Αμερική/Τζούνο
pref.timezone.America.Kentucky.Louisville=Αμερική/Κεντάκυ/Λούισβιλ
pref.timezone.America.Kentucky.Monticello=Αμερική/Κεντάκυ/Μοντισέλλο
pref.timezone.America.La_Paz=Αμερική/Λα Παζ
pref.timezone.America.Lima=Αμερική/Λίμα
pref.timezone.America.Los_Angeles=Αμερική/Λος Άντζελες
pref.timezone.America.Maceio=Αμερική/Μασεϊό
pref.timezone.America.Managua=Αμερική/Μανάγουα
pref.timezone.America.Manaus=Αμερική/Μανάους
pref.timezone.America.Martinique=Αμερική/Μαρτινίκα
pref.timezone.America.Mazatlan=Αμερική/Μαζατλάν
pref.timezone.America.Menominee=Αμερική/Μενομινή
pref.timezone.America.Merida=Αμερική/Μέριδα
pref.timezone.America.Mexico_City=Αμερική/Πόλη του Μεξικού
pref.timezone.America.Miquelon=Αμερική/Μικελόν
pref.timezone.America.Moncton=Αμερική/Μόνκτον
pref.timezone.America.Monterrey=Αμερική/Μοντερέυ
pref.timezone.America.Montevideo=Αμερική/Μοντεβιδέο
pref.timezone.America.Montreal=Αμερική/Μόντρεαλ
pref.timezone.America.Montserrat=Αμερική/Μοντσερά
pref.timezone.America.Nassau=Αμερική/Νασσάου
pref.timezone.America.New_York=Αμερική/Νέα Υόρκη
pref.timezone.America.Nipigon=Αμερική/Νιπιγκόν
pref.timezone.America.Nome=Αμερική/Νόμε
pref.timezone.America.Noronha=Αμερική/Νορόνια
pref.timezone.America.North_Dakota.Center=Αμερική/Βόρεια Ντακότα/Κέντρο
pref.timezone.America.North_Dakota.New_Salem=Αμερική/Βόρεια Ντακότα/Νέο Σάλεμ
pref.timezone.America.Panama=Αμερική/Παναμάς
pref.timezone.America.Pangnirtung=Αμερική/Πανγκνιρτούνγκ
pref.timezone.America.Paramaribo=Αμερική/Παραμαρίμπο
pref.timezone.America.Phoenix=Αμερική/Φοίνιξ
pref.timezone.America.Port-au-Prince=Αμερική/Πορτ-ω-Πρενς
pref.timezone.America.Port_of_Spain=Αμερική/Πορτ-οφ-Σπέιν
pref.timezone.America.Porto_Velho=Αμερική/Πόρτο Βέλιο
pref.timezone.America.Puerto_Rico=Αμερική/Πουέρτο Ρίκο
pref.timezone.America.Rainy_River=Αμερική/Ρέινυ Ρήβερ
pref.timezone.America.Rankin_Inlet=Αμερική/Ράνκιν Ίνλετ
pref.timezone.America.Recife=Αμερική/Ρεσίφε
pref.timezone.America.Regina=Αμερική/Ρεγγίνα
pref.timezone.America.Rio_Branco=Αμερική/Ρίο Μπράνκο
pref.timezone.America.Santiago=Αμερική/Σαντιάγο
pref.timezone.America.Santo_Domingo=Αμερική/Σάντο Ντομίνγκο
pref.timezone.America.Sao_Paulo=Αμερική/Σάο Πάολο
pref.timezone.America.Scoresbysund=Αμερική/Σκόρσμπυσουντ
pref.timezone.America.Shiprock=Αμερική/Σίπροκ
pref.timezone.America.St_Johns=Αμερική/Άγιος Ιωάννης
pref.timezone.America.St_Kitts=Αμερική/Άγιος Χριστόφορος
pref.timezone.America.St_Lucia=Αμερική/Αγία Λουκία
pref.timezone.America.St_Thomas=Αμερική/Άγιος Θωμάς
pref.timezone.America.St_Vincent=Αμερική/Άγιος Βικέντιος
pref.timezone.America.Swift_Current=Αμερική/Σουίφτ Κάρρεντ
pref.timezone.America.Tegucigalpa=Αμερική/Τεγκουσιγκάλπα
pref.timezone.America.Thule=Αμερική/Θούλη
pref.timezone.America.Thunder_Bay=Αμερική/Θάντερ Μπέυ
pref.timezone.America.Tijuana=Αμερική/Τιχουάνα
pref.timezone.America.Toronto=Αμερική/Τορόντο
pref.timezone.America.Tortola=Αμερική/Τορτόλα
pref.timezone.America.Vancouver=Αμερική/Βανκούβερ
pref.timezone.America.Whitehorse=Αμερική/Γουάιτχορς
pref.timezone.America.Winnipeg=Αμερική/Γουίννιπεγκ
pref.timezone.America.Yakutat=Αμερική/Γιακουτάτ
pref.timezone.America.Yellowknife=Αμερική/Γελλοουνάιφ
pref.timezone.Antarctica.Casey=Ανταρκτική/Κέισυ
pref.timezone.Antarctica.Davis=Ανταρκτική/Ντέιβις
pref.timezone.Antarctica.DumontDUrville=Ανταρκτική/Ντιμόν ντ' Ουρβίλ
pref.timezone.Antarctica.Mawson=Ανταρκτική/Μώσον
pref.timezone.Antarctica.McMurdo=Ανταρκτική/Μακ Μέρντο
pref.timezone.Antarctica.Palmer=Ανταρκτική/Πάλμερ
pref.timezone.Antarctica.Rothera=Ανταρκτική/Ροδέρα
pref.timezone.Antarctica.South_Pole=Ανταρκτική/Νότιος Πόλος
pref.timezone.Antarctica.Syowa=Ανταρκτική/Σόβα
pref.timezone.Antarctica.Vostok=Ανταρκτική/Βοστόκ
pref.timezone.Arctic.Longyearbyen=Αρκτική/Λογκγέαρμπγεν
pref.timezone.Asia.Aden=Ασία/Άντεν
pref.timezone.Asia.Almaty=Ασία/Αλμάτι
pref.timezone.Asia.Amman=Ασία/Αμμάν
pref.timezone.Asia.Anadyr=Ασία/Αναδίρ
pref.timezone.Asia.Aqtau=Ασία/Ακτάου
pref.timezone.Asia.Aqtobe=Ασία/Ακτομπέ
pref.timezone.Asia.Ashgabat=Ασία/Ασγκαμπάτ
pref.timezone.Asia.Baghdad=Ασία/Βαγδάτη
pref.timezone.Asia.Bahrain=Ασία/Μπαχρέιν
pref.timezone.Asia.Baku=Ασία/Μπακού
pref.timezone.Asia.Bangkok=Ασία/Μπανγκόκ
pref.timezone.Asia.Beirut=Ασία/Βηρυτός
pref.timezone.Asia.Bishkek=Ασία/Μπισκέκ
pref.timezone.Asia.Brunei=Ασία/Μπρουνέι
pref.timezone.Asia.Choibalsan=Ασία/Τσοϊμπαλσάν
pref.timezone.Asia.Chongqing=Ασία/Τσονγκτσίνγκ
pref.timezone.Asia.Colombo=Ασία/Κολόμπο
pref.timezone.Asia.Damascus=Ασία/Δαμασκός
pref.timezone.Asia.Dhaka=Ασία/Ντάκα
pref.timezone.Asia.Dili=Ασία/Ντίλι
pref.timezone.Asia.Dubai=Ασία/Ντουμπάι
pref.timezone.Asia.Dushanbe=Ασία/Δουσάμβη
pref.timezone.Asia.Gaza=Ασία/Γάζα
pref.timezone.Asia.Harbin=Ασία/Χαρμπίν
pref.timezone.Asia.Hong_Kong=Ασία/Χονγκ Κονγκ
pref.timezone.Asia.Hovd=Ασία/Χοβντ
pref.timezone.Asia.Irkutsk=Ασία/Ιρκούτσκ
pref.timezone.Asia.Istanbul=Ασία/Κωνσταντινούπολη
pref.timezone.Asia.Jakarta=Ασία/Τζακάρτα
pref.timezone.Asia.Jayapura=Ασία/Τζαγιαπούρα
pref.timezone.Asia.Jerusalem=Ασία/Ιερουσαλήμ
pref.timezone.Asia.Kabul=Ασία/Καμπούλ
pref.timezone.Asia.Kamchatka=Ασία/Καμτσάτκα
pref.timezone.Asia.Karachi=Ασία/Καράτσι
pref.timezone.Asia.Kashgar=Ασία/Κασγκάρ
pref.timezone.Asia.Kathmandu=Ασία/Κατμαντού
pref.timezone.Asia.Krasnoyarsk=Ασία/Κρασνογιάρσκ
pref.timezone.Asia.Kuala_Lumpur=Ασία/Κουάλα Λουμπούρ
pref.timezone.Asia.Kuching=Ασία/Κουτσίνγκ
pref.timezone.Asia.Kuwait=Ασία/Κουβέιτ
pref.timezone.Asia.Macau=Ασία/Μακάο
pref.timezone.Asia.Magadan=Ασία/Μαγκαντάν
pref.timezone.Asia.Makassar=Ασία/Μακασάρ
pref.timezone.Asia.Manila=Ασία/Μανίλα
pref.timezone.Asia.Muscat=Ασία/Μουσκάτ
pref.timezone.Asia.Nicosia=Ασία/Λευκωσία
pref.timezone.Asia.Novosibirsk=Ασία/Νοβοσιμπίρσκ
pref.timezone.Asia.Omsk=Ασία/Ομσκ
pref.timezone.Asia.Oral=Ασία/Οράλ
pref.timezone.Asia.Phnom_Penh=Ασία/Πνομ Πενχ
pref.timezone.Asia.Pontianak=Ασία/Ποντιάνακ
pref.timezone.Asia.Pyongyang=Ασία/Πιονγιάνγκ
pref.timezone.Asia.Qatar=Ασία/Κατάρ
pref.timezone.Asia.Qyzylorda=Ασία/Κιζιλορντά
pref.timezone.Asia.Rangoon=Ασία/Γιανγκόν
pref.timezone.Asia.Riyadh=Ασία/Ριάντ
pref.timezone.Asia.Sakhalin=Ασία/Σαχαλίνη
pref.timezone.Asia.Samarkand=Ασία/Σαμαρκάνδη
pref.timezone.Asia.Seoul=Ασία/Σεούλ
pref.timezone.Asia.Shanghai=Ασία/Σαγκάη
pref.timezone.Asia.Singapore=Ασία/Σιγκαπούρη
pref.timezone.Asia.Taipei=Ασία/Ταϊπέι
pref.timezone.Asia.Tashkent=Ασία/Τασκένδη
pref.timezone.Asia.Tbilisi=Ασία/Τιφλίδα
pref.timezone.Asia.Tehran=Ασία/Τεχεράνη
pref.timezone.Asia.Thimphu=Ασία/Θίμφου
pref.timezone.Asia.Tokyo=Ασία/Τόκυο
pref.timezone.Asia.Ulaanbaatar=Ασία/Ουλάν Μπατόρ
pref.timezone.Asia.Urumqi=Ασία/Ουρούμτσι
pref.timezone.Asia.Vientiane=Ασία/Βιεντιάν
pref.timezone.Asia.Vladivostok=Ασία/Βλαδιβοστόκ
pref.timezone.Asia.Yakutsk=Ασία/Γιακούτσκ
pref.timezone.Asia.Yekaterinburg=Ασία/Αικατερίνμπουργκ
pref.timezone.Asia.Yerevan=Ασία/Ερεβάν
pref.timezone.Atlantic.Azores=Ατλαντικός/Αζόρες
pref.timezone.Atlantic.Bermuda=Ατλαντικός/Βερμούδες
pref.timezone.Atlantic.Canary=Ατλαντικός/Κανάριοι νήσοι
pref.timezone.Atlantic.Cape_Verde=Ατλαντικός/Πράσινο Ακρωτήριο
pref.timezone.Atlantic.Faroe=Ατλαντικός/Φερόες Νήσοι
pref.timezone.Atlantic.Madeira=Ατλαντικός/Μαδέρα
pref.timezone.Atlantic.Reykjavik=Ατλαντικός/Ρέυκιαβικ
pref.timezone.Atlantic.South_Georgia=Ατλαντικός/Νότια Γεωργία
pref.timezone.Atlantic.St_Helena=Ατλαντικός/Νήσος Αγίας Ελένης
pref.timezone.Atlantic.Stanley=Ατλαντικός/Στάνλεϋ
pref.timezone.Australia.Adelaide=Αυστραλία/Αδελαΐδα
pref.timezone.Australia.Brisbane=Αυστραλία/Μπρίσμπεϊν
pref.timezone.Australia.Broken_Hill=Αυστραλία/Μπρόκεν Χιλ
pref.timezone.Australia.Currie=Αυστραλία/Κάρι
pref.timezone.Australia.Darwin=Αυστραλία/Ντάργουιν
pref.timezone.Australia.Eucla=Αυστραλία/Γιούκλα
pref.timezone.Australia.Hobart=Αυστραλία/Χόμπαρτ
pref.timezone.Australia.Lindeman=Αυστραλία/Λίντεμαν
pref.timezone.Australia.Lord_Howe=Αυστραλία/Νήσος Λορντ Χάου
pref.timezone.Australia.Melbourne=Αυστραλία/Μελβούρνη
pref.timezone.Australia.Perth=Αυστραλία/Περθ
pref.timezone.Australia.Sydney=Αυστραλία/Σύδνεϋ
pref.timezone.Europe.Amsterdam=Ευρώπη/Άμστερνταμ
pref.timezone.Europe.Andorra=Ευρώπη/Ανδόρρα
pref.timezone.Europe.Athens=Ευρώπη/Αθήνα
pref.timezone.Europe.Belgrade=Ευρώπη/Βελιγράδι
pref.timezone.Europe.Berlin=Ευρώπη/Βερολίνο
pref.timezone.Europe.Bratislava=Ευρώπη/Μπρατισλάβα
pref.timezone.Europe.Brussels=Ευρώπη/Βρυξέλλες
pref.timezone.Europe.Bucharest=Ευρώπη/Βουκουρέστι
pref.timezone.Europe.Budapest=Ευρώπη/Βουδαπέστη
pref.timezone.Europe.Chisinau=Ευρώπη/Κισινάου
pref.timezone.Europe.Copenhagen=Ευρώπη/Κοπεγχάγη
pref.timezone.Europe.Dublin=Ευρώπη/Δουβλίνο
pref.timezone.Europe.Gibraltar=Ευρώπη/Γιβραλτάρ
pref.timezone.Europe.Guernsey=Ευρώπη/Γκέρνσεϊ
pref.timezone.Europe.Helsinki=Ευρώπη/Ελσίνκι
pref.timezone.Europe.Isle_of_Man=Ευρώπη/Νήσος του Μαν
pref.timezone.Europe.Istanbul=Ευρώπη/Κωνσταντινούπολη
pref.timezone.Europe.Jersey=Ευρώπη/Υερσέη
pref.timezone.Europe.Kaliningrad=Ευρώπη/Καλίνινγκραντ
pref.timezone.Europe.Kiev=Ευρώπη/Κίεβο
pref.timezone.Europe.Lisbon=Ευρώπη/Λισσαβώνα
pref.timezone.Europe.Ljubljana=Ευρώπη/Λιουμπλιάνα
pref.timezone.Europe.London=Ευρώπη/Λονδίνο
pref.timezone.Europe.Luxembourg=Ευρώπη/Λουξεμβούργο
pref.timezone.Europe.Madrid=Ευρώπη/Μαδρίτη
pref.timezone.Europe.Malta=Ευρώπη/Μάλτα
pref.timezone.Europe.Mariehamn=Ευρώπη/Μάριεχαμν
pref.timezone.Europe.Minsk=Ευρώπη/Μινσκ
pref.timezone.Europe.Monaco=Ευρώπη/Μονακό
pref.timezone.Europe.Moscow=Ευρώπη/Μόσχα
pref.timezone.Europe.Nicosia=Ευρώπη/Λευκωσία
pref.timezone.Europe.Oslo=Ευρώπη/Όσλο
pref.timezone.Europe.Paris=Ευρώπη/Παρίσι
pref.timezone.Europe.Podgorica=Ευρώπη/Ποντγκόριτσα
pref.timezone.Europe.Prague=Ευρώπη/Πράγα
pref.timezone.Europe.Riga=Ευρώπη/Ρίγα
pref.timezone.Europe.Rome=Ευρώπη/Ρώμη
pref.timezone.Europe.Samara=Ευρώπη/Σαμάρα
pref.timezone.Europe.San_Marino=Ευρώπη/Άγιος Μαρίνος
pref.timezone.Europe.Sarajevo=Ευρώπη/Σαράγεβο
pref.timezone.Europe.Simferopol=Ευρώπη/Συμφερόπολη
pref.timezone.Europe.Skopje=Ευρώπη/Σκόπια
pref.timezone.Europe.Sofia=Ευρώπη/Σόφια
pref.timezone.Europe.Stockholm=Ευρώπη/Στοκχόλμη
pref.timezone.Europe.Tallinn=Ευρώπη/Ταλίν
pref.timezone.Europe.Tirane=Ευρώπη/Τίρανα
pref.timezone.Europe.Uzhgorod=Ευρώπη/Ουζχορόντ
pref.timezone.Europe.Vaduz=Ευρώπη/Βαντούζ
pref.timezone.Europe.Vatican=Ευρώπη/Βατικανό
pref.timezone.Europe.Vienna=Ευρώπη/Βιέννη
pref.timezone.Europe.Vilnius=Ευρώπη/Βίλνα
pref.timezone.Europe.Volgograd=Ευρώπη/Βόλγογκραντ
pref.timezone.Europe.Warsaw=Ευρώπη/Βαρσοβία
pref.timezone.Europe.Zagreb=Ευρώπη/Ζάγκρεμπ
pref.timezone.Europe.Zaporozhye=Ευρώπη/Ζαπορίζια
pref.timezone.Europe.Zurich=Ευρώπη/Ζυρίχη
pref.timezone.Indian.Antananarivo=Ινδικός/Ανταναναρίβο
pref.timezone.Indian.Chagos=Ινδικός/Τσάγκος
pref.timezone.Indian.Christmas=Ινδικός/Νήσος των Χριστουγέννων
pref.timezone.Indian.Cocos=Ινδικός/Νησιά Κόκος
pref.timezone.Indian.Comoro=Ινδικός/Κομόρες
pref.timezone.Indian.Kerguelen=Ινδικός/Αρχιπέλαγος Κεργκελέν
pref.timezone.Indian.Mahe=Ινδικός/Νήσος Μάχε
pref.timezone.Indian.Maldives=Ινδικός/Μαλδίβες
pref.timezone.Indian.Mauritius=Ινδικός/Μαυρίκιος
pref.timezone.Indian.Mayotte=Ινδικός/Μαγιότ
pref.timezone.Indian.Reunion=Ινδικός/Ρεϋνιόν
pref.timezone.Pacific.Apia=Ειρηνικός/Άπια
pref.timezone.Pacific.Auckland=Ειρηνικός/Ώκλαντ
pref.timezone.Pacific.Chatham=Ειρηνικός/Νησιά Τσάταμ
pref.timezone.Pacific.Easter=Ειρηνικός/Νησί του Πάσχα
pref.timezone.Pacific.Efate=Ειρηνικός/Έφατ
pref.timezone.Pacific.Enderbury=Ειρηνικός/Νήσος Εντέρμπουρυ
pref.timezone.Pacific.Fakaofo=Ειρηνικός/Φακαόφο
pref.timezone.Pacific.Fiji=Ειρηνικός/Φίτζι
pref.timezone.Pacific.Funafuti=Ειρηνικός/Φουναφούτι
pref.timezone.Pacific.Galapagos=Ειρηνικός/Γκαλαπάγκος
pref.timezone.Pacific.Gambier=Ειρηνικός/Νήσοι Γκαμπιέ
pref.timezone.Pacific.Guadalcanal=Ειρηνικός/Γουαδαλκανάλ
pref.timezone.Pacific.Guam=Ειρηνικός/Γκουάμ
pref.timezone.Pacific.Honolulu=Ειρηνικός/Χονολουλού
pref.timezone.Pacific.Johnston=Ειρηνικός/Ατόλλη Τζόνστον
pref.timezone.Pacific.Kiritimati=Ειρηνικός/Κιριτιμάτι
pref.timezone.Pacific.Kosrae=Ειρηνικός/Κοσράη
pref.timezone.Pacific.Kwajalein=Ειρηνικός/Κουατζαλέιν
pref.timezone.Pacific.Majuro=Ειρηνικός/Ματζούρο
pref.timezone.Pacific.Marquesas=Ειρηνικός/Νήσοι Μαρκέζας
pref.timezone.Pacific.Midway=Ειρηνικός/Μιντγουέυ
pref.timezone.Pacific.Nauru=Ειρηνικός/Ναουρού
pref.timezone.Pacific.Niue=Ειρηνικός/Νιούε
pref.timezone.Pacific.Norfolk=Ειρηνικός/Νησί Νόρφολκ
pref.timezone.Pacific.Noumea=Ειρηνικός/Νουμεά
pref.timezone.Pacific.Pago_Pago=Ειρηνικός/Πάγκο Πάγκο
pref.timezone.Pacific.Palau=Ειρηνικός/Παλάου
pref.timezone.Pacific.Pitcairn=Ειρηνικός/Νήσοι Πίτκαιρν
pref.timezone.Pacific.Ponape=Ειρηνικός/Πονπέι
pref.timezone.Pacific.Port_Moresby=Ειρηνικός/Πορτ Μόρεσμπυ
pref.timezone.Pacific.Rarotonga=Ειρηνικός/Ραροτόνγκα
pref.timezone.Pacific.Saipan=Ειρηνικός/Σαϊπάν
pref.timezone.Pacific.Tahiti=Ειρηνικός/Ταϊτή
pref.timezone.Pacific.Tarawa=Ειρηνικός/Ταράουα
pref.timezone.Pacific.Tongatapu=Ειρηνικός/Τονγκατάπου
pref.timezone.Pacific.Truk=Ειρηνικός/Τρουκ
pref.timezone.Pacific.Wake=Ειρηνικός/Νήσος Ουέηκ
pref.timezone.Pacific.Wallis=Ειρηνικός/Γουάλις

# the following have been missing
pref.timezone.America.Indiana.Tell_City=Αμερική/Ινδιάνα/Τελ Σίτυ
pref.timezone.America.Indiana.Winamac=Αμερική/Ινδιάνα/Γουίναμακ
pref.timezone.America.Marigot=Αμερική/Μάριγκοτ
pref.timezone.America.Resolute=Αμερική/Ρεσολούτ
pref.timezone.America.St_Barthelemy=Αμερική/Άγιος Βαρθολομαίος

# added with 2008d:
pref.timezone.America.Argentina.San_Luis=Αμερική/Αργεντινή/Σαν Λούις
pref.timezone.America.Santarem=Αμερική/Σανταρέμ
pref.timezone.Asia.Ho_Chi_Minh=Ασία/Χο Τσι Μινχ
pref.timezone.Asia.Kolkata=Ασία/Καλκούτα

# added with 2008i:
pref.timezone.America.Argentina.Salta=Αμερική/Αργεντινή/Σάλτα

# added with 2010i
pref.timezone.America.Matamoros=Αμερική/Ματαμόρος
pref.timezone.America.Ojinaga=Αμερική/Οχινάγκα
pref.timezone.America.Santa_Isabel=Αμερική/Σάντα Ισαμπέλ
pref.timezone.Antarctica.Macquarie=Ανταρκτική/Νήσος Μακουάρι
pref.timezone.Asia.Novokuznetsk=Ασία/Νοβοκουζνέτσκ

#added with 2011b
pref.timezone.America.Bahia_Banderas=Αμερική/Μπαχία Ντε Μπαντέρας
pref.timezone.America.North_Dakota.Beulah=Αμερική/Βόρεια Ντακότα/Μπιούλα
pref.timezone.Pacific.Chuuk=Ειρηνικός/Τσουκ
pref.timezone.Pacific.Pohnpei=Ειρηνικός/Πονπέι

#added with 2011n
pref.timezone.Africa.Juba=Αφρική/Τζούμπα
pref.timezone.America.Kralendijk=Αμερική/Κράλεντικ
pref.timezone.America.Lower_Princes=Αμερική/Λόουερ Πρίνσες
pref.timezone.America.Metlakatla=Αμερική/Μετλακάτλα
pref.timezone.America.Sitka=Αμερική/Σίτκα
pref.timezone.Asia.Hebron=Ασία/Χεβρώνα

#added with 2013a
pref.timezone.America.Creston=Αμερική/Κρέστον
pref.timezone.Asia.Khandyga=Ασία/Χαντίγκα
pref.timezone.Asia.Ust-Nera=Ασία/Ουστ-Νέρα
pref.timezone.Europe.Busingen=Ευρώπη/Μπύσινγκεν

#added with 2014b
pref.timezone.Antarctica.Troll=Ανταρκτική/Τρολ

#added with 2014j
pref.timezone.Asia.Chita=Ασία/Τσιτά
pref.timezone.Asia.Srednekolymsk=Ασία/Σρεντνεκολίμσκ
pref.timezone.Pacific.Bougainville=Ειρηνικός/Μπουγκαινβίλ

#added with 2.2015g
pref.timezone.America.Fort_Nelson=Αμερική/Οχυρό Νέλσον

#added with 2.2016b
pref.timezone.Europe.Ulyanovsk=Ευρώπη/Ουλιάνοφσκ
pref.timezone.Europe.Astrakhan=Ευρώπη/Αστραχάν
pref.timezone.Asia.Barnaul=Ασία/Μπαρναούλ

#added with 2.2016i
pref.timezone.Asia.Yangon=Ασία/Γιανγκόν
pref.timezone.Asia.Tomsk=Ασία/Τομσκ
pref.timezone.Asia.Famagusta=Ασία/Αμμόχωστος
pref.timezone.Europe.Kirov=Ευρώπη/Κίροφ

#added with 2.2016j
pref.timezone.Europe.Saratov=Ευρώπη/Σαράτοφ
pref.timezone.Asia.Atyrau=Ασία/Aτιράου

#added with 2.2017b
pref.timezone.America.Punta_Arenas=Αμερική/Πούντα Αρένας

#added with 2.2018i
pref.timezone.Asia.Qostanay=Ασία/Κοστανάι

#added with 2.2020a
pref.timezone.America.Nuuk=Αμερική/Νουούκ
