# This Source Code Form is subject to the terms of the Mozilla Public
# License, v. 2.0. If a copy of the MPL was not distributed with this
# file, You can obtain one at http://mozilla.org/MPL/2.0/.

# extension:
extensions.calendar-timezones@mozilla.org.name=Definicións de fusos horarios para Mozilla Calendar
extensions.calendar-timezones@mozilla.org.description=Definicións de fusos horarios requiridos por Sunbird e Lightning
extensions.calendar-timezones@mozilla.org.creator=Mozilla Calendar Project

pref.timezone.floating=Horal local
pref.timezone.UTC=UTC/GMT

# I've derived this list out of timezones.dtd
# - replaced '_' with ' ' on value side
# - corrected 'St xyz' to 'St. xyz'

# timezone names:
pref.timezone.Africa.Abidjan=África/Abidjan
pref.timezone.Africa.Accra=África/Accra
pref.timezone.Africa.Addis_Ababa=África/Addis Ababa
pref.timezone.Africa.Algiers=África/Alxer
pref.timezone.Africa.Asmara=África/Asmara
pref.timezone.Africa.Bamako=África/Bamako
pref.timezone.Africa.Bangui=África/Bangui
pref.timezone.Africa.Banjul=África/Banjul
pref.timezone.Africa.Bissau=África/Bissau
pref.timezone.Africa.Blantyre=África/Blantyre
pref.timezone.Africa.Brazzaville=África/Brazzaville
pref.timezone.Africa.Bujumbura=África/Bujumbura
pref.timezone.Africa.Cairo=África/O Cairo
pref.timezone.Africa.Casablanca=África/Casablanca
pref.timezone.Africa.Ceuta=África/Ceuta
pref.timezone.Africa.Conakry=África/Conacri
pref.timezone.Africa.Dakar=África/Dakar
pref.timezone.Africa.Dar_es_Salaam=África/Dar es Salaam
pref.timezone.Africa.Djibouti=África/Xibutí
pref.timezone.Africa.Douala=África/Douala
pref.timezone.Africa.El_Aaiun=África/El Aaiun
pref.timezone.Africa.Freetown=África/Freetown
pref.timezone.Africa.Gaborone=África/Gaborone
pref.timezone.Africa.Harare=África/Harare
pref.timezone.Africa.Johannesburg=África/Johannesburgo
pref.timezone.Africa.Kampala=África/Kampala
pref.timezone.Africa.Khartoum=África/Khartum
pref.timezone.Africa.Kigali=África/Kigali
pref.timezone.Africa.Kinshasa=África/Kinshasa
pref.timezone.Africa.Lagos=África/Lagos
pref.timezone.Africa.Libreville=África/Libreville
pref.timezone.Africa.Lome=África/Lomé
pref.timezone.Africa.Luanda=África/Luanda
pref.timezone.Africa.Lubumbashi=África/Lubumbashi
pref.timezone.Africa.Lusaka=África/Lusaka
pref.timezone.Africa.Malabo=África/Malabo
pref.timezone.Africa.Maputo=África/Maputo
pref.timezone.Africa.Maseru=África/Maseru
pref.timezone.Africa.Mbabane=África/Mbabane
pref.timezone.Africa.Mogadishu=África/Mogadixo
pref.timezone.Africa.Monrovia=África/Monrovia
pref.timezone.Africa.Nairobi=África/Nairobi
pref.timezone.Africa.Ndjamena=África/Ndjamena
pref.timezone.Africa.Niamey=África/Niamey
pref.timezone.Africa.Nouakchott=África/Nouakchott
pref.timezone.Africa.Ouagadougou=África/Ouagadougou
pref.timezone.Africa.Porto-Novo=África/Porto-Novo
pref.timezone.Africa.Sao_Tome=África/Sao Tome
pref.timezone.Africa.Tripoli=África/Trípoli
pref.timezone.Africa.Tunis=África/Tunes
pref.timezone.Africa.Windhoek=África/Windhoek
pref.timezone.America.Adak=América/Adak
pref.timezone.America.Anchorage=América/Anchorage
pref.timezone.America.Anguilla=América/Anguilla
pref.timezone.America.Antigua=América/Antigua
pref.timezone.America.Araguaina=América/Araguaina
pref.timezone.America.Argentina.Buenos_Aires=América/Arxentina/Bos Aires
pref.timezone.America.Argentina.Catamarca=América/Arxentina//Catamarca
pref.timezone.America.Argentina.Cordoba=América/Arxentina/Córdoba
pref.timezone.America.Argentina.Jujuy=América/Arxentina/Jujuy
pref.timezone.America.Argentina.La_Rioja=América/Arxentina/La Rioja
pref.timezone.America.Argentina.Mendoza=América/Arxentina/Mendoza
pref.timezone.America.Argentina.Rio_Gallegos=América/Arxentina/Rio Gallegos
pref.timezone.America.Argentina.San_Juan=América/Arxentina/San Juan
pref.timezone.America.Argentina.Tucuman=América/Arxentina/Tucuman
pref.timezone.America.Argentina.Ushuaia=América/Arxentina/Ushuaia
pref.timezone.America.Aruba=América/Aruba
pref.timezone.America.Asuncion=América/Asunción
pref.timezone.America.Atikokan=América/Atikokan
pref.timezone.America.Bahia=América/Bahía
pref.timezone.America.Barbados=América/Barbados
pref.timezone.America.Belem=América/Belém
pref.timezone.America.Belize=América/Belice
pref.timezone.America.Blanc-Sablon=América/Blanc-Sablon
pref.timezone.America.Boa_Vista=América/Boa Vista
pref.timezone.America.Bogota=América/Bogotá
pref.timezone.America.Boise=América/Boise
pref.timezone.America.Cambridge_Bay=América/Cambridge Bay
pref.timezone.America.Campo_Grande=América/Campo Grande
pref.timezone.America.Cancun=América/Cancún
pref.timezone.America.Caracas=América/Caracas
pref.timezone.America.Cayenne=América/Cayenne
pref.timezone.America.Cayman=América/Caimán
pref.timezone.America.Chicago=América/Chicago
pref.timezone.America.Chihuahua=América/Chihuahua
pref.timezone.America.Costa_Rica=América/Costa Rica
pref.timezone.America.Cuiaba=América/Cuiabá
pref.timezone.America.Curacao=América/Curaçao
pref.timezone.America.Danmarkshavn=América/Danmarkshavn
pref.timezone.America.Dawson=América/Dawson
pref.timezone.America.Dawson_Creek=América/Dawson Creek
pref.timezone.America.Denver=América/Denver
pref.timezone.America.Detroit=América/Detroit
pref.timezone.America.Dominica=América/Dominica
pref.timezone.America.Edmonton=América/Edmonton
pref.timezone.America.Eirunepe=América/Eirunepé
pref.timezone.America.El_Salvador=América/El Salvador
pref.timezone.America.Fortaleza=América/Fortaleza
pref.timezone.America.Glace_Bay=América/Glace Bay
pref.timezone.America.Godthab=América/Godthab
pref.timezone.America.Goose_Bay=América/Goose Bay
pref.timezone.America.Grand_Turk=América/Grand Turk
pref.timezone.America.Grenada=América/Granada
pref.timezone.America.Guadeloupe=América/Guadalupe
pref.timezone.America.Guatemala=América/Guatemala
pref.timezone.America.Guayaquil=América/Guayaquil
pref.timezone.America.Guyana=América/Guiana
pref.timezone.America.Halifax=América/Halifax
pref.timezone.America.Havana=América/A Habana
pref.timezone.America.Hermosillo=América/Hermosillo
pref.timezone.America.Indiana.Indianapolis=América/Indiana/Indianápolis
pref.timezone.America.Indiana.Knox=América/Indiana/Knox
pref.timezone.America.Indiana.Marengo=América/Indiana/Marengo
pref.timezone.America.Indiana.Petersburg=América/Indiana/Petersburgo
pref.timezone.America.Indiana.Vevay=América/Indiana/Vevay
pref.timezone.America.Indiana.Vincennes=América/Indiana/Vincennes
pref.timezone.America.Inuvik=América/Inuvik
pref.timezone.America.Iqaluit=América/Iqaluit
pref.timezone.America.Jamaica=América/Xamaica
pref.timezone.America.Juneau=América/Juneau
pref.timezone.America.Kentucky.Louisville=América/Kentucky/Louisville
pref.timezone.America.Kentucky.Monticello=América/Kentucky/Monticello
pref.timezone.America.La_Paz=América/La Paz
pref.timezone.America.Lima=América/Lima
pref.timezone.America.Los_Angeles=América/Los Angeles
pref.timezone.America.Maceio=América/Maceió
pref.timezone.America.Managua=América/Managua
pref.timezone.America.Manaus=América/Manaus
pref.timezone.America.Martinique=América/Martinica
pref.timezone.America.Mazatlan=América/Mazatlán
pref.timezone.America.Menominee=América/Menominee
pref.timezone.America.Merida=América/Mérida
pref.timezone.America.Mexico_City=América/Cidade de México
pref.timezone.America.Miquelon=América/Miquelon
pref.timezone.America.Moncton=América/Moncton
pref.timezone.America.Monterrey=América/Monterrei
pref.timezone.America.Montevideo=América/Montevideo
pref.timezone.America.Montreal=América/Montreal
pref.timezone.America.Montserrat=América/Montserrat
pref.timezone.America.Nassau=América/Nassau
pref.timezone.America.New_York=América/Nova Iorque
pref.timezone.America.Nipigon=América/Nipigon
pref.timezone.America.Nome=América/Nome
pref.timezone.America.Noronha=América/Noronha
pref.timezone.America.North_Dakota.Center=América/Dakota do norte/Centro
pref.timezone.America.North_Dakota.New_Salem=América/Dakota do norte/New Salem
pref.timezone.America.Panama=América/Panamá
pref.timezone.America.Pangnirtung=América/Pangnirtung
pref.timezone.America.Paramaribo=América/Paramaribo
pref.timezone.America.Phoenix=América/Phoenix
pref.timezone.America.Port-au-Prince=América/Porto Príncipe
pref.timezone.America.Port_of_Spain=América/Porto España
pref.timezone.America.Porto_Velho=América/Porto Velho
pref.timezone.America.Puerto_Rico=América/Porto Rico
pref.timezone.America.Rainy_River=América/Rainy River
pref.timezone.America.Rankin_Inlet=América/Rankin Inlet
pref.timezone.America.Recife=América/Recife
pref.timezone.America.Regina=América/Regina
pref.timezone.America.Rio_Branco=América/Río Branco
pref.timezone.America.Santiago=América/Santiago
pref.timezone.America.Santo_Domingo=América/Santo Domingo
pref.timezone.America.Sao_Paulo=América/Sao Paulo
pref.timezone.America.Scoresbysund=América/Scoresbysund
pref.timezone.America.Shiprock=América/Shiprock
pref.timezone.America.St_Johns=América/St. Johns
pref.timezone.America.St_Kitts=América/St. Kitts
pref.timezone.America.St_Lucia=América/Santa Lucía
pref.timezone.America.St_Thomas=América/Santo Tomás
pref.timezone.America.St_Vincent=América/San Vicente
pref.timezone.America.Swift_Current=América/Swift Current
pref.timezone.America.Tegucigalpa=América/Tegucigalpa
pref.timezone.America.Thule=América/Thule
pref.timezone.America.Thunder_Bay=América/Thunder Bay
pref.timezone.America.Tijuana=América/Tijuana
pref.timezone.America.Toronto=América/Toronto
pref.timezone.America.Tortola=América/Tortola
pref.timezone.America.Vancouver=América/Vancouver
pref.timezone.America.Whitehorse=América/Whitehorse
pref.timezone.America.Winnipeg=América/Winnipeg
pref.timezone.America.Yakutat=América/Yakutat
pref.timezone.America.Yellowknife=América/Yellowknife
pref.timezone.Antarctica.Casey=Antártida/Casey
pref.timezone.Antarctica.Davis=Antártida/Davis
pref.timezone.Antarctica.DumontDUrville=Antártida/DumontDUrville
pref.timezone.Antarctica.Mawson=Antártida/Mawson
pref.timezone.Antarctica.McMurdo=Antártida/McMurdo
pref.timezone.Antarctica.Palmer=Antártida/Palmer
pref.timezone.Antarctica.Rothera=Antártida/Rothera
pref.timezone.Antarctica.South_Pole=Antártida/Polo Sur
pref.timezone.Antarctica.Syowa=Antártida/Syowa
pref.timezone.Antarctica.Vostok=Antártida/Vostok
pref.timezone.Arctic.Longyearbyen=Ártico/Longyearbyen
pref.timezone.Asia.Aden=Asia/Adén
pref.timezone.Asia.Almaty=Asia/Almaty
pref.timezone.Asia.Amman=Asia/Amán
pref.timezone.Asia.Anadyr=Asia/Anadyr
pref.timezone.Asia.Aqtau=Asia/Aqtau
pref.timezone.Asia.Aqtobe=Asia/Aqtobe
pref.timezone.Asia.Ashgabat=Asia/Ashgabat
pref.timezone.Asia.Baghdad=Asia/Bagdad
pref.timezone.Asia.Bahrain=Asia/Bahrein
pref.timezone.Asia.Baku=Asia/Bakú
pref.timezone.Asia.Bangkok=Asia/Bangkok
pref.timezone.Asia.Beirut=Asia/Beirut
pref.timezone.Asia.Bishkek=Asia/Bishkek
pref.timezone.Asia.Brunei=Asia/Brunei
pref.timezone.Asia.Choibalsan=Asia/Choibalsan
pref.timezone.Asia.Chongqing=Asia/Chongking
pref.timezone.Asia.Colombo=Asia/Colombo
pref.timezone.Asia.Damascus=Asia/Damasco
pref.timezone.Asia.Dhaka=Asia/Dhaka
pref.timezone.Asia.Dili=Asia/Dili
pref.timezone.Asia.Dubai=Asia/Dubai
pref.timezone.Asia.Dushanbe=Asia/Dushanbe
pref.timezone.Asia.Gaza=Asia/Gaza
pref.timezone.Asia.Harbin=Asia/Harbin
pref.timezone.Asia.Hong_Kong=Asia/Hong Kong
pref.timezone.Asia.Hovd=Asia/Hovd
pref.timezone.Asia.Irkutsk=Asia/Irkutsk
pref.timezone.Asia.Istanbul=Asia/Estambul
pref.timezone.Asia.Jakarta=Asia/Jakarta
pref.timezone.Asia.Jayapura=Asia/Jayapura
pref.timezone.Asia.Jerusalem=Asia/Xerusalén
pref.timezone.Asia.Kabul=Asia/Kabul
pref.timezone.Asia.Kamchatka=Asia/Kamchatka
pref.timezone.Asia.Karachi=Asia/Karachi
pref.timezone.Asia.Kashgar=Asia/Kashgar
pref.timezone.Asia.Kathmandu=Asia/Kathmandu
pref.timezone.Asia.Krasnoyarsk=Asia/Krasnoyarsk
pref.timezone.Asia.Kuala_Lumpur=Asia/Kuala Lumpur
pref.timezone.Asia.Kuching=Asia/Kuching
pref.timezone.Asia.Kuwait=Asia/Kuwait
pref.timezone.Asia.Macau=Asia/Macau
pref.timezone.Asia.Magadan=Asia/Magadan
pref.timezone.Asia.Makassar=Asia/Makassar
pref.timezone.Asia.Manila=Asia/Manila
pref.timezone.Asia.Muscat=Asia/Muscat
pref.timezone.Asia.Nicosia=Asia/Nicosia
pref.timezone.Asia.Novosibirsk=Asia/Novosibirsk
pref.timezone.Asia.Omsk=Asia/Omsk
pref.timezone.Asia.Oral=Asia/Oral
pref.timezone.Asia.Phnom_Penh=Asia/Phnom Penh
pref.timezone.Asia.Pontianak=Asia/Pontianak
pref.timezone.Asia.Pyongyang=Asia/Pyongyang
pref.timezone.Asia.Qatar=Asia/Qatar
pref.timezone.Asia.Qyzylorda=Asia/Qyzylorda
pref.timezone.Asia.Rangoon=Asia/Rangún
pref.timezone.Asia.Riyadh=Asia/Riyadh
pref.timezone.Asia.Sakhalin=Asia/Sakhalin
pref.timezone.Asia.Samarkand=Asia/Samarkanda
pref.timezone.Asia.Seoul=Asia/Seúl
pref.timezone.Asia.Shanghai=Asia/Shangai
pref.timezone.Asia.Singapore=Asia/Singapur
pref.timezone.Asia.Taipei=Asia/Taipei
pref.timezone.Asia.Tashkent=Asia/Tashkent
pref.timezone.Asia.Tbilisi=Asia/Tbilisi
pref.timezone.Asia.Tehran=Asia/Teherán
pref.timezone.Asia.Thimphu=Asia/Thimphu
pref.timezone.Asia.Tokyo=Asia/Toquio
pref.timezone.Asia.Ulaanbaatar=Asia/Ulaanbaatar
pref.timezone.Asia.Urumqi=Asia/Urumqi
pref.timezone.Asia.Vientiane=Asia/Vientiane
pref.timezone.Asia.Vladivostok=Asia/Vladivostok
pref.timezone.Asia.Yakutsk=Asia/Yakutsk
pref.timezone.Asia.Yekaterinburg=Asia/Yekaterinburg
pref.timezone.Asia.Yerevan=Asia/Yerevan
pref.timezone.Atlantic.Azores=Atlántico/Os Azores
pref.timezone.Atlantic.Bermuda=Atlántico/Bermudas
pref.timezone.Atlantic.Canary=Atlántico/Canarias
pref.timezone.Atlantic.Cape_Verde=Atlántico/Cabo Verde
pref.timezone.Atlantic.Faroe=Atlántico/Faroe
pref.timezone.Atlantic.Madeira=Atlántico/Madeira
pref.timezone.Atlantic.Reykjavik=Atlántico/Reiquiavik
pref.timezone.Atlantic.South_Georgia=Atlántico/Xeorxia do sur
pref.timezone.Atlantic.St_Helena=Atlántico/Santa Helena
pref.timezone.Atlantic.Stanley=Atlántico/Stanley
pref.timezone.Australia.Adelaide=Australia/Adelaida
pref.timezone.Australia.Brisbane=Australia/Brisbane
pref.timezone.Australia.Broken_Hill=Australia/Broken Hill
pref.timezone.Australia.Currie=Australia/Currie
pref.timezone.Australia.Darwin=Australia/Darwin
pref.timezone.Australia.Eucla=Australia/Eucla
pref.timezone.Australia.Hobart=Australia/Hobart
pref.timezone.Australia.Lindeman=Australia/Lindeman
pref.timezone.Australia.Lord_Howe=Australia/Lord Howe
pref.timezone.Australia.Melbourne=Australia/Melbourne
pref.timezone.Australia.Perth=Australia/Perth
pref.timezone.Australia.Sydney=Australia/Sydney
pref.timezone.Europe.Amsterdam=Europa/Amsterdam
pref.timezone.Europe.Andorra=Europa/Andorra
pref.timezone.Europe.Athens=Europa/Atenas
pref.timezone.Europe.Belgrade=Europa/Belgrado
pref.timezone.Europe.Berlin=Europa/Berlín
pref.timezone.Europe.Bratislava=Europa/Bratislava
pref.timezone.Europe.Brussels=Europa/Bruxelas
pref.timezone.Europe.Bucharest=Europa/Bucarest
pref.timezone.Europe.Budapest=Europa/Budapest
pref.timezone.Europe.Chisinau=Europa/Chisinau
pref.timezone.Europe.Copenhagen=Europa/Copenhaguen
pref.timezone.Europe.Dublin=Europa/Dublín
pref.timezone.Europe.Gibraltar=Europa/Xibraltar
pref.timezone.Europe.Guernsey=Europa/Guernsey
pref.timezone.Europe.Helsinki=Europa/Helsinki
pref.timezone.Europe.Isle_of_Man=Europa/Illa de Man
pref.timezone.Europe.Istanbul=Europa/Estambul
pref.timezone.Europe.Jersey=Europa/Jersey
pref.timezone.Europe.Kaliningrad=Europa/Kaliningrado
pref.timezone.Europe.Kiev=Europa/Kiev
pref.timezone.Europe.Lisbon=Europa/Lisboa
pref.timezone.Europe.Ljubljana=Europa/Liubliana
pref.timezone.Europe.London=Europa/Londres
pref.timezone.Europe.Luxembourg=Europa/Luxemburgo
pref.timezone.Europe.Madrid=Europa/Madrid
pref.timezone.Europe.Malta=Europa/Malta
pref.timezone.Europe.Mariehamn=Europa/Mariehamn
pref.timezone.Europe.Minsk=Europa/Minsk
pref.timezone.Europe.Monaco=Europa/Mónaco
pref.timezone.Europe.Moscow=Europa/Moscova
pref.timezone.Europe.Nicosia=Europa/Nicosia
pref.timezone.Europe.Oslo=Europa/Oslo
pref.timezone.Europe.Paris=Europa/París
pref.timezone.Europe.Podgorica=Europa/Podgorica
pref.timezone.Europe.Prague=Europa/Praga
pref.timezone.Europe.Riga=Europa/Riga
pref.timezone.Europe.Rome=Europa/Roma
pref.timezone.Europe.Samara=Europa/Samara
pref.timezone.Europe.San_Marino=Europa/San Marino
pref.timezone.Europe.Sarajevo=Europa/Saraxevo
pref.timezone.Europe.Simferopol=Europa/Simferopol
pref.timezone.Europe.Skopje=Europa/Skopje
pref.timezone.Europe.Sofia=Europa/Sofía
pref.timezone.Europe.Stockholm=Europa/Estocolmo
pref.timezone.Europe.Tallinn=Europa/Tallín
pref.timezone.Europe.Tirane=Europa/Tirana
pref.timezone.Europe.Uzhgorod=Europa/Uzhgorod
pref.timezone.Europe.Vaduz=Europa/Vaduz
pref.timezone.Europe.Vatican=Europa/Vaticano
pref.timezone.Europe.Vienna=Europa/Viena
pref.timezone.Europe.Vilnius=Europa/Vilnius
pref.timezone.Europe.Volgograd=Europa/Volgogrado
pref.timezone.Europe.Warsaw=Europa/Varsovia
pref.timezone.Europe.Zagreb=Europa/Zagreb
pref.timezone.Europe.Zaporozhye=Europa/Zaporozhye
pref.timezone.Europe.Zurich=Europa/Zúric
pref.timezone.Indian.Antananarivo=Índico/Antananarivo
pref.timezone.Indian.Chagos=Índico/Chagos
pref.timezone.Indian.Christmas=Índico/Christmas
pref.timezone.Indian.Cocos=Índico/Cocos
pref.timezone.Indian.Comoro=Índico/Comores
pref.timezone.Indian.Kerguelen=Índico/Kerguelen
pref.timezone.Indian.Mahe=Índico/Mahé
pref.timezone.Indian.Maldives=Índico/Maldivas
pref.timezone.Indian.Mauritius=Índico/Mauricio
pref.timezone.Indian.Mayotte=Índico/Mayotte
pref.timezone.Indian.Reunion=Índico/Reunión
pref.timezone.Pacific.Apia=Pacífico/Apia
pref.timezone.Pacific.Auckland=Pacífico/Auckland
pref.timezone.Pacific.Chatham=Pacífico/Chatham
pref.timezone.Pacific.Easter=Pacífico/Easter
pref.timezone.Pacific.Efate=Pacífico/Efate
pref.timezone.Pacific.Enderbury=Pacífico/Enderbury
pref.timezone.Pacific.Fakaofo=Pacífico/Fakaofo
pref.timezone.Pacific.Fiji=Pacífico/Fixi
pref.timezone.Pacific.Funafuti=Pacífico/Funafuti
pref.timezone.Pacific.Galapagos=Pacífico/Galápagos
pref.timezone.Pacific.Gambier=Pacífico/Gambier
pref.timezone.Pacific.Guadalcanal=Pacífico/Guadalcanal
pref.timezone.Pacific.Guam=Pacífico/Guam
pref.timezone.Pacific.Honolulu=Pacífico/Honolulú
pref.timezone.Pacific.Johnston=Pacífico/Johnston
pref.timezone.Pacific.Kiritimati=Pacífico/Kiritimati
pref.timezone.Pacific.Kosrae=Pacífico/Kosrae
pref.timezone.Pacific.Kwajalein=Pacífico/Kwajalein
pref.timezone.Pacific.Majuro=Pacífico/Majuro
pref.timezone.Pacific.Marquesas=Pacífico/Marquesas
pref.timezone.Pacific.Midway=Pacífico/Midway
pref.timezone.Pacific.Nauru=Pacífico/Nauru
pref.timezone.Pacific.Niue=Pacífico/Niue
pref.timezone.Pacific.Norfolk=Pacífico/Norfolk
pref.timezone.Pacific.Noumea=Pacífico/Noumea
pref.timezone.Pacific.Pago_Pago=Pacífico/Pago Pago
pref.timezone.Pacific.Palau=Pacífico/Palau
pref.timezone.Pacific.Pitcairn=Pacífico/Pitcairn
pref.timezone.Pacific.Ponape=Pacífico/Ponape
pref.timezone.Pacific.Port_Moresby=Pacífico/Port Moresby
pref.timezone.Pacific.Rarotonga=Pacífico/Rarotonga
pref.timezone.Pacific.Saipan=Pacífico/Saipan
pref.timezone.Pacific.Tahiti=Pacífico/Tahití
pref.timezone.Pacific.Tarawa=Pacífico/Tarawa
pref.timezone.Pacific.Tongatapu=Pacífico/Tongatapu
pref.timezone.Pacific.Truk=Pacífico/Truk
pref.timezone.Pacific.Wake=Pacífico/Wake
pref.timezone.Pacific.Wallis=Pacífico/Wallis

# the following have been missing
pref.timezone.America.Indiana.Tell_City=América/Indiana/Tell City
pref.timezone.America.Indiana.Winamac=América/Indiana/Winamac
pref.timezone.America.Marigot=América/Marigot
pref.timezone.America.Resolute=América/Resolute
pref.timezone.America.St_Barthelemy=América/St. Barthelemy

# added with 2008d:
pref.timezone.America.Argentina.San_Luis=América/Arxentina/San Luis
pref.timezone.America.Santarem=América/Santarem
pref.timezone.Asia.Ho_Chi_Minh=Asia/Ho Chi Minh
pref.timezone.Asia.Kolkata=Asia/Kolkata

# added with 2008i:
pref.timezone.America.Argentina.Salta=América/Arxentina/Salta

# added with 2010i
pref.timezone.America.Matamoros=América/Matamoros
pref.timezone.America.Ojinaga=América/Ojinaga
pref.timezone.America.Santa_Isabel=América/Santa Isabel
pref.timezone.Antarctica.Macquarie=Antártida/Macquarie
pref.timezone.Asia.Novokuznetsk=Asia/Novokuznetsk

#added with 2011b
pref.timezone.America.Bahia_Banderas=América/Bahía de Banderas
pref.timezone.America.North_Dakota.Beulah=América/Dakota do norte/Beulah
pref.timezone.Pacific.Chuuk=Pacífico/Chuuk
pref.timezone.Pacific.Pohnpei=Pacífico/Pohnpei

#added with 2011n
pref.timezone.Africa.Juba=África/Juba
pref.timezone.America.Kralendijk=América/Kralendijk
pref.timezone.America.Lower_Princes=América/Lower Princes
pref.timezone.America.Metlakatla=América/Metlakatla
pref.timezone.America.Sitka=América/Sitka
pref.timezone.Asia.Hebron=Asia/Hebrón

#added with 2013a
pref.timezone.America.Creston=Ámerica/Creston
pref.timezone.Asia.Khandyga=Asia/Khandyga
pref.timezone.Asia.Ust-Nera=Asia/Ust-Nera
pref.timezone.Europe.Busingen=Europa/Busingen

#added with 2014b
pref.timezone.Antarctica.Troll=Antártida/Troll

#added with 2014j
pref.timezone.Asia.Chita=Asia/Chita
pref.timezone.Asia.Srednekolymsk=Asia/Srednekolymsk
pref.timezone.Pacific.Bougainville=Pacífico/Bougainville
