# This Source Code Form is subject to the terms of the Waterfox Public
# License, v. 2.0. If a copy of the MPL was not distributed with this
# file, You can obtain one at http://mozilla.org/MPL/2.0/.

pref.timezone.floating=Giờ địa phương
pref.timezone.UTC=UTC/GMT

# I've derived this list out of timezones.dtd
# - replaced '_' with ' ' on value side
# - corrected 'St xyz' to 'St. xyz'

# timezone names:
pref.timezone.Africa.Abidjan=Châu Phi/Abidjan
pref.timezone.Africa.Accra=Châu Phi/Accra
pref.timezone.Africa.Addis_Ababa=Châu Phi/Addis Ababa
pref.timezone.Africa.Algiers=Châu Phi/Algiers
pref.timezone.Africa.Asmara=Châu Phi/Asmara
pref.timezone.Africa.Bamako=Châu Phi/Bamako
pref.timezone.Africa.Bangui=Châu Phi/Bangui
pref.timezone.Africa.Banjul=Châu Phi/Banjul
pref.timezone.Africa.Bissau=Châu Phi/Bissau
pref.timezone.Africa.Blantyre=Châu Phi/Blantyre
pref.timezone.Africa.Brazzaville=Châu Phi/Brazzaville
pref.timezone.Africa.Bujumbura=Châu Phi/Bujumbura
pref.timezone.Africa.Cairo=Châu Phi/Cairo
pref.timezone.Africa.Casablanca=Châu Phi/Casablanca
pref.timezone.Africa.Ceuta=Châu Phi/Ceuta
pref.timezone.Africa.Conakry=Châu Phi/Conakry
pref.timezone.Africa.Dakar=Châu Phi/Dakar
pref.timezone.Africa.Dar_es_Salaam=Châu Phi/Dar es Salaam
pref.timezone.Africa.Djibouti=Châu Phi/Djibouti
pref.timezone.Africa.Douala=Châu Phi/Douala
pref.timezone.Africa.El_Aaiun=Châu Phi/El Aaiun
pref.timezone.Africa.Freetown=Châu Phi/Freetown
pref.timezone.Africa.Gaborone=Châu Phi/Gaborone
pref.timezone.Africa.Harare=Châu Phi/Harare
pref.timezone.Africa.Johannesburg=Châu Phi/Johannesburg
pref.timezone.Africa.Kampala=Châu Phi/Kampala
pref.timezone.Africa.Khartoum=Châu Phi/Khartoum
pref.timezone.Africa.Kigali=Châu Phi/Kigali
pref.timezone.Africa.Kinshasa=Châu Phi/Kinshasa
pref.timezone.Africa.Lagos=Châu Phi/Lagos
pref.timezone.Africa.Libreville=Châu Phi/Libreville
pref.timezone.Africa.Lome=Châu Phi/Lome
pref.timezone.Africa.Luanda=Châu Phi/Luanda
pref.timezone.Africa.Lubumbashi=Châu Phi/Lubumbashi
pref.timezone.Africa.Lusaka=Châu Phi/Lusaka
pref.timezone.Africa.Malabo=Châu Phi/Malabo
pref.timezone.Africa.Maputo=Châu Phi/Maputo
pref.timezone.Africa.Maseru=Châu Phi/Maseru
pref.timezone.Africa.Mbabane=Châu Phi/Mbabane
pref.timezone.Africa.Mogadishu=Châu Phi/Mogadishu
pref.timezone.Africa.Monrovia=Châu Phi/Monrovia
pref.timezone.Africa.Nairobi=Châu Phi/Nairobi
pref.timezone.Africa.Ndjamena=Châu Phi/Ndjamena
pref.timezone.Africa.Niamey=Châu Phi/Niamey
pref.timezone.Africa.Nouakchott=Châu Phi/Nouakchott
pref.timezone.Africa.Ouagadougou=Châu Phi/Ouagadougou
pref.timezone.Africa.Porto-Novo=Châu Phi/Porto-Novo
pref.timezone.Africa.Sao_Tome=Châu Phi/Sao Tome
pref.timezone.Africa.Tripoli=Châu Phi/Tripoli
pref.timezone.Africa.Tunis=Châu Phi/Tunis
pref.timezone.Africa.Windhoek=Châu Phi/Windhoek
pref.timezone.America.Adak=Châu Mỹ/Adak
pref.timezone.America.Anchorage=Châu Mỹ/Anchorage
pref.timezone.America.Anguilla=Châu Mỹ/Anguilla
pref.timezone.America.Antigua=Châu Mỹ/Antigua
pref.timezone.America.Araguaina=Châu Mỹ/Araguaina
pref.timezone.America.Argentina.Buenos_Aires=Châu Mỹ/Argentina/Buenos Aires
pref.timezone.America.Argentina.Catamarca=Châu Mỹ/Argentina/Catamarca
pref.timezone.America.Argentina.Cordoba=Châu Mỹ/Argentina/Cordoba
pref.timezone.America.Argentina.Jujuy=Châu Mỹ/Argentina/Jujuy
pref.timezone.America.Argentina.La_Rioja=Châu Mỹ/Argentina/La Rioja
pref.timezone.America.Argentina.Mendoza=Châu Mỹ/Argentina/Mendoza
pref.timezone.America.Argentina.Rio_Gallegos=Châu Mỹ/Argentina/Rio Gallegos
pref.timezone.America.Argentina.San_Juan=Châu Mỹ/Argentina/San Juan
pref.timezone.America.Argentina.Tucuman=Châu Mỹ/Argentina/Tucuman
pref.timezone.America.Argentina.Ushuaia=Châu Mỹ/Argentina/Ushuaia
pref.timezone.America.Aruba=Châu Mỹ/Aruba
pref.timezone.America.Asuncion=Châu Mỹ/Asuncion
pref.timezone.America.Atikokan=Châu Mỹ/Atikokan
pref.timezone.America.Bahia=Châu Mỹ/Bahia
pref.timezone.America.Barbados=Châu Mỹ/Barbados
pref.timezone.America.Belem=Châu Mỹ/Belem
pref.timezone.America.Belize=Châu Mỹ/Belize
pref.timezone.America.Blanc-Sablon=Châu Mỹ/Blanc-Sablon
pref.timezone.America.Boa_Vista=Châu Mỹ/Boa Vista
pref.timezone.America.Bogota=Châu Mỹ/Bogota
pref.timezone.America.Boise=Châu Mỹ/Boise
pref.timezone.America.Cambridge_Bay=Châu Mỹ/Cambridge Bay
pref.timezone.America.Campo_Grande=Châu Mỹ/Campo Grande
pref.timezone.America.Cancun=Châu Mỹ/Cancun
pref.timezone.America.Caracas=Châu Mỹ/Caracas
pref.timezone.America.Cayenne=Châu Mỹ/Cayenne
pref.timezone.America.Cayman=Châu Mỹ/Cayman
pref.timezone.America.Chicago=Châu Mỹ/Chicago
pref.timezone.America.Chihuahua=Châu Mỹ/Chihuahua
pref.timezone.America.Costa_Rica=Châu Mỹ/Costa Rica
pref.timezone.America.Cuiaba=Châu Mỹ/Cuiaba
pref.timezone.America.Curacao=Châu Mỹ/Curacao
pref.timezone.America.Danmarkshavn=Châu Mỹ/Danmarkshavn
pref.timezone.America.Dawson=Châu Mỹ/Dawson
pref.timezone.America.Dawson_Creek=Châu Mỹ/Dawson Creek
pref.timezone.America.Denver=Châu Mỹ/Denver
pref.timezone.America.Detroit=Châu Mỹ/Detroit
pref.timezone.America.Dominica=Châu Mỹ/Dominica
pref.timezone.America.Edmonton=Châu Mỹ/Edmonton
pref.timezone.America.Eirunepe=Châu Mỹ/Eirunepe
pref.timezone.America.El_Salvador=Châu Mỹ/El Salvador
pref.timezone.America.Fortaleza=Châu Mỹ/Fortaleza
pref.timezone.America.Glace_Bay=Châu Mỹ/Glace Bay
pref.timezone.America.Godthab=Châu Mỹ/Godthab
pref.timezone.America.Goose_Bay=Châu Mỹ/Goose Bay
pref.timezone.America.Grand_Turk=Châu Mỹ/Grand Turk
pref.timezone.America.Grenada=Châu Mỹ/Grenada
pref.timezone.America.Guadeloupe=Châu Mỹ/Guadeloupe
pref.timezone.America.Guatemala=Châu Mỹ/Guatemala
pref.timezone.America.Guayaquil=Châu Mỹ/Guayaquil
pref.timezone.America.Guyana=Châu Mỹ/Guyana
pref.timezone.America.Halifax=Châu Mỹ/Halifax
pref.timezone.America.Havana=Châu Mỹ/Havana
pref.timezone.America.Hermosillo=Châu Mỹ/Hermosillo
pref.timezone.America.Indiana.Indianapolis=Châu Mỹ/Indiana/Indianapolis
pref.timezone.America.Indiana.Knox=Châu Mỹ/Indiana/Knox
pref.timezone.America.Indiana.Marengo=Châu Mỹ/Indiana/Marengo
pref.timezone.America.Indiana.Petersburg=Châu Mỹ/Indiana/Petersburg
pref.timezone.America.Indiana.Vevay=Châu Mỹ/Indiana/Vevay
pref.timezone.America.Indiana.Vincennes=Châu Mỹ/Indiana/Vincennes
pref.timezone.America.Inuvik=Châu Mỹ/Inuvik
pref.timezone.America.Iqaluit=Châu Mỹ/Iqaluit
pref.timezone.America.Jamaica=Châu Mỹ/Jamaica
pref.timezone.America.Juneau=Châu Mỹ/Juneau
pref.timezone.America.Kentucky.Louisville=Châu Mỹ/Kentucky/Louisville
pref.timezone.America.Kentucky.Monticello=Châu Mỹ/Kentucky/Monticello
pref.timezone.America.La_Paz=Châu Mỹ/La Paz
pref.timezone.America.Lima=Châu Mỹ/Lima
pref.timezone.America.Los_Angeles=Châu Mỹ/Los Angeles
pref.timezone.America.Maceio=Châu Mỹ/Maceio
pref.timezone.America.Managua=Châu Mỹ/Managua
pref.timezone.America.Manaus=Châu Mỹ/Manaus
pref.timezone.America.Martinique=Châu Mỹ/Martinique
pref.timezone.America.Mazatlan=Châu Mỹ/Mazatlan
pref.timezone.America.Menominee=Châu Mỹ/Menominee
pref.timezone.America.Merida=Châu Mỹ/Merida
pref.timezone.America.Mexico_City=Châu Mỹ/Mexico City
pref.timezone.America.Miquelon=Châu Mỹ/Miquelon
pref.timezone.America.Moncton=Châu Mỹ/Moncton
pref.timezone.America.Monterrey=Châu Mỹ/Monterrey
pref.timezone.America.Montevideo=Châu Mỹ/Montevideo
pref.timezone.America.Montreal=Châu Mỹ/Montreal
pref.timezone.America.Montserrat=Châu Mỹ/Montserrat
pref.timezone.America.Nassau=Châu Mỹ/Nassau
pref.timezone.America.New_York=Châu Mỹ/New York
pref.timezone.America.Nipigon=Châu Mỹ/Nipigon
pref.timezone.America.Nome=Châu Mỹ/Nome
pref.timezone.America.Noronha=Châu Mỹ/Noronha
pref.timezone.America.North_Dakota.Center=Châu Mỹ/North Dakota/Center
pref.timezone.America.North_Dakota.New_Salem=Châu Mỹ/North Dakota/New Salem
pref.timezone.America.Panama=Châu Mỹ/Panama
pref.timezone.America.Pangnirtung=Châu Mỹ/Pangnirtung
pref.timezone.America.Paramaribo=Châu Mỹ/Paramaribo
pref.timezone.America.Phoenix=Châu Mỹ/Phoenix
pref.timezone.America.Port-au-Prince=Châu Mỹ/Port-au-Prince
pref.timezone.America.Port_of_Spain=Châu Mỹ/Port of Spain
pref.timezone.America.Porto_Velho=Châu Mỹ/Porto Velho
pref.timezone.America.Puerto_Rico=Châu Mỹ/Puerto Rico
pref.timezone.America.Rainy_River=Châu Mỹ/Rainy River
pref.timezone.America.Rankin_Inlet=Châu Mỹ/Rankin Inlet
pref.timezone.America.Recife=Châu Mỹ/Recife
pref.timezone.America.Regina=Châu Mỹ/Regina
pref.timezone.America.Rio_Branco=Châu Mỹ/Rio Branco
pref.timezone.America.Santiago=Châu Mỹ/Santiago
pref.timezone.America.Santo_Domingo=Châu Mỹ/Santo Domingo
pref.timezone.America.Sao_Paulo=Châu Mỹ/Sao Paulo
pref.timezone.America.Scoresbysund=Châu Mỹ/Scoresbysund
pref.timezone.America.Shiprock=Châu Mỹ/Shiprock
pref.timezone.America.St_Johns=Châu Mỹ/St. Johns
pref.timezone.America.St_Kitts=Châu Mỹ/St. Kitts
pref.timezone.America.St_Lucia=Châu Mỹ/St. Lucia
pref.timezone.America.St_Thomas=Châu Mỹ/St. Thomas
pref.timezone.America.St_Vincent=Châu Mỹ/St. Vincent
pref.timezone.America.Swift_Current=Châu Mỹ/Swift Current
pref.timezone.America.Tegucigalpa=Châu Mỹ/Tegucigalpa
pref.timezone.America.Thule=Châu Mỹ/Thule
pref.timezone.America.Thunder_Bay=Châu Mỹ/Thunder Bay
pref.timezone.America.Tijuana=Châu Mỹ/Tijuana
pref.timezone.America.Toronto=Châu Mỹ/Toronto
pref.timezone.America.Tortola=Châu Mỹ/Tortola
pref.timezone.America.Vancouver=Châu Mỹ/Vancouver
pref.timezone.America.Whitehorse=Châu Mỹ/Whitehorse
pref.timezone.America.Winnipeg=Châu Mỹ/Winnipeg
pref.timezone.America.Yakutat=Châu Mỹ/Yakutat
pref.timezone.America.Yellowknife=Châu Mỹ/Yellowknife
pref.timezone.Antarctica.Casey=Châu Nam Cực/Casey
pref.timezone.Antarctica.Davis=Châu Nam Cực/Davis
pref.timezone.Antarctica.DumontDUrville=Châu Nam Cực/DumontDUrville
pref.timezone.Antarctica.Mawson=Châu Nam Cực/Mawson
pref.timezone.Antarctica.McMurdo=Châu Nam Cực/McMurdo
pref.timezone.Antarctica.Palmer=Châu Nam Cực/Palmer
pref.timezone.Antarctica.Rothera=Châu Nam Cực/Rothera
pref.timezone.Antarctica.South_Pole=Châu Nam Cực/South Pole
pref.timezone.Antarctica.Syowa=Châu Nam Cực/Syowa
pref.timezone.Antarctica.Vostok=Châu Nam Cực/Vostok
pref.timezone.Arctic.Longyearbyen=Châu Bắc Cực/Longyearbyen
pref.timezone.Asia.Aden=Châu Á/Aden
pref.timezone.Asia.Almaty=Châu Á/Almaty
pref.timezone.Asia.Amman=Châu Á/Amman
pref.timezone.Asia.Anadyr=Châu Á/Anadyr
pref.timezone.Asia.Aqtau=Châu Á/Aqtau
pref.timezone.Asia.Aqtobe=Châu Á/Aqtobe
pref.timezone.Asia.Ashgabat=Châu Á/Ashgabat
pref.timezone.Asia.Baghdad=Châu Á/Baghdad
pref.timezone.Asia.Bahrain=Châu Á/Bahrain
pref.timezone.Asia.Baku=Châu Á/Baku
pref.timezone.Asia.Bangkok=Châu Á/Băng Cốc
pref.timezone.Asia.Beirut=Châu Á/Beirut
pref.timezone.Asia.Bishkek=Châu Á/Bishkek
pref.timezone.Asia.Brunei=Châu Á/Brunei
pref.timezone.Asia.Choibalsan=Châu Á/Choibalsan
pref.timezone.Asia.Chongqing=Châu Á/Chongqing
pref.timezone.Asia.Colombo=Châu Á/Colombo
pref.timezone.Asia.Damascus=Châu Á/Damascus
pref.timezone.Asia.Dhaka=Châu Á/Dhaka
pref.timezone.Asia.Dili=Châu Á/Dili
pref.timezone.Asia.Dubai=Châu Á/Dubai
pref.timezone.Asia.Dushanbe=Châu Á/Dushanbe
pref.timezone.Asia.Gaza=Châu Á/Gaza
pref.timezone.Asia.Harbin=Châu Á/Harbin
pref.timezone.Asia.Hong_Kong=Châu Á/Hong Kong
pref.timezone.Asia.Hovd=Châu Á/Hovd
pref.timezone.Asia.Irkutsk=Châu Á/Irkutsk
pref.timezone.Asia.Istanbul=Châu Á/Istanbul
pref.timezone.Asia.Jakarta=Châu Á/Jakarta
pref.timezone.Asia.Jayapura=Châu Á/Jayapura
pref.timezone.Asia.Jerusalem=Châu Á/Jerusalem
pref.timezone.Asia.Kabul=Châu Á/Kabul
pref.timezone.Asia.Kamchatka=Châu Á/Kamchatka
pref.timezone.Asia.Karachi=Châu Á/Karachi
pref.timezone.Asia.Kashgar=Châu Á/Kashgar
pref.timezone.Asia.Kathmandu=Châu Á/Kathmandu
pref.timezone.Asia.Krasnoyarsk=Châu Á/Krasnoyarsk
pref.timezone.Asia.Kuala_Lumpur=Châu Á/Kuala Lumpur
pref.timezone.Asia.Kuching=Châu Á/Kuching
pref.timezone.Asia.Kuwait=Châu Á/Kuwait
pref.timezone.Asia.Macau=Châu Á/Macau
pref.timezone.Asia.Magadan=Châu Á/Magadan
pref.timezone.Asia.Makassar=Châu Á/Makassar
pref.timezone.Asia.Manila=Châu Á/Manila
pref.timezone.Asia.Muscat=Châu Á/Muscat
pref.timezone.Asia.Nicosia=Châu Á/Nicosia
pref.timezone.Asia.Novosibirsk=Châu Á/Novosibirsk
pref.timezone.Asia.Omsk=Châu Á/Omsk
pref.timezone.Asia.Oral=Châu Á/Oral
pref.timezone.Asia.Phnom_Penh=Châu Á/Phnom Penh
pref.timezone.Asia.Pontianak=Châu Á/Pontianak
pref.timezone.Asia.Pyongyang=Châu Á/Pyongyang
pref.timezone.Asia.Qatar=Châu Á/Qatar
pref.timezone.Asia.Qyzylorda=Châu Á/Qyzylorda
pref.timezone.Asia.Rangoon=Châu Á/Rangoon
pref.timezone.Asia.Riyadh=Châu Á/Riyadh
pref.timezone.Asia.Sakhalin=Châu Á/Sakhalin
pref.timezone.Asia.Samarkand=Châu Á/Samarkand
pref.timezone.Asia.Seoul=Châu Á/Seoul
pref.timezone.Asia.Shanghai=Châu Á/Thượng Hải
pref.timezone.Asia.Singapore=Châu Á/Singapore
pref.timezone.Asia.Taipei=Châu Á/Taipei
pref.timezone.Asia.Tashkent=Châu Á/Tashkent
pref.timezone.Asia.Tbilisi=Châu Á/Tbilisi
pref.timezone.Asia.Tehran=Châu Á/Tehran
pref.timezone.Asia.Thimphu=Châu Á/Thimphu
pref.timezone.Asia.Tokyo=Châu Á/Tokyo
pref.timezone.Asia.Ulaanbaatar=Châu Á/Ulaanbaatar
pref.timezone.Asia.Urumqi=Châu Á/Urumqi
pref.timezone.Asia.Vientiane=Châu Á/Vientiane
pref.timezone.Asia.Vladivostok=Châu Á/Vladivostok
pref.timezone.Asia.Yakutsk=Châu Á/Yakutsk
pref.timezone.Asia.Yekaterinburg=Châu Á/Yekaterinburg
pref.timezone.Asia.Yerevan=Châu Á/Yerevan
pref.timezone.Atlantic.Azores=Đại Tây Dương/Azores
pref.timezone.Atlantic.Bermuda=Đại Tây Dương/Bermuda
pref.timezone.Atlantic.Canary=Đại Tây Dương/Canary
pref.timezone.Atlantic.Cape_Verde=Đại Tây Dương/Cape Verde
pref.timezone.Atlantic.Faroe=Đại Tây Dương/Faroe
pref.timezone.Atlantic.Madeira=Đại Tây Dương/Madeira
pref.timezone.Atlantic.Reykjavik=Đại Tây Dương/Reykjavik
pref.timezone.Atlantic.South_Georgia=Đại Tây Dương/South Georgia
pref.timezone.Atlantic.St_Helena=Đại Tây Dương/St. Helena
pref.timezone.Atlantic.Stanley=Đại Tây Dương/Stanley
pref.timezone.Australia.Adelaide=Châu Úc/Adelaide
pref.timezone.Australia.Brisbane=Châu Úc/Brisbane
pref.timezone.Australia.Broken_Hill=Châu Úc/Broken Hill
pref.timezone.Australia.Currie=Châu Úc/Currie
pref.timezone.Australia.Darwin=Châu Úc/Darwin
pref.timezone.Australia.Eucla=Châu Úc/Eucla
pref.timezone.Australia.Hobart=Châu Úc/Hobart
pref.timezone.Australia.Lindeman=Châu Úc/Lindeman
pref.timezone.Australia.Lord_Howe=Châu Úc/Lord Howe
pref.timezone.Australia.Melbourne=Châu Úc/Melbourne
pref.timezone.Australia.Perth=Châu Úc/Perth
pref.timezone.Australia.Sydney=Châu Úc/Sydney
pref.timezone.Europe.Amsterdam=Châu Âu/Amsterdam
pref.timezone.Europe.Andorra=Châu Âu/Andorra
pref.timezone.Europe.Athens=Châu Âu/Athens
pref.timezone.Europe.Belgrade=Châu Âu/Belgrade
pref.timezone.Europe.Berlin=Châu Âu/Berlin
pref.timezone.Europe.Bratislava=Châu Âu/Bratislava
pref.timezone.Europe.Brussels=Châu Âu/Brussels
pref.timezone.Europe.Bucharest=Châu Âu/Bucharest
pref.timezone.Europe.Budapest=Châu Âu/Budapest
pref.timezone.Europe.Chisinau=Châu Âu/Chisinau
pref.timezone.Europe.Copenhagen=Châu Âu/Copenhagen
pref.timezone.Europe.Dublin=Châu Âu/Dublin
pref.timezone.Europe.Gibraltar=Châu Âu/Gibraltar
pref.timezone.Europe.Guernsey=Châu Âu/Guernsey
pref.timezone.Europe.Helsinki=Châu Âu/Helsinki
pref.timezone.Europe.Isle_of_Man=Châu Âu/Đảo Man
pref.timezone.Europe.Istanbul=Châu Âu/Istanbul
pref.timezone.Europe.Jersey=Châu Âu/Jersey
pref.timezone.Europe.Kaliningrad=Châu Âu/Kaliningrad
pref.timezone.Europe.Kiev=Châu Âu/Kiev
pref.timezone.Europe.Lisbon=Châu Âu/Lisbon
pref.timezone.Europe.Ljubljana=Châu Âu/Ljubljana
pref.timezone.Europe.London=Châu Âu/Luân Đôn
pref.timezone.Europe.Luxembourg=Châu Âu/Luxembourg
pref.timezone.Europe.Madrid=Châu Âu/Madrid
pref.timezone.Europe.Malta=Châu Âu/Malta
pref.timezone.Europe.Mariehamn=Châu Âu/Mariehamn
pref.timezone.Europe.Minsk=Châu Âu/Minsk
pref.timezone.Europe.Monaco=Châu Âu/Monaco
pref.timezone.Europe.Moscow=Châu Âu/Mátxcơva
pref.timezone.Europe.Nicosia=Châu Âu/Nicosia
pref.timezone.Europe.Oslo=Châu Âu/Oslo
pref.timezone.Europe.Paris=Châu Âu/Paris
pref.timezone.Europe.Podgorica=Châu Âu/Podgorica
pref.timezone.Europe.Prague=Châu Âu/Prague
pref.timezone.Europe.Riga=Châu Âu/Riga
pref.timezone.Europe.Rome=Châu Âu/Rome
pref.timezone.Europe.Samara=Châu Âu/Samara
pref.timezone.Europe.San_Marino=Châu Âu/San Marino
pref.timezone.Europe.Sarajevo=Châu Âu/Sarajevo
pref.timezone.Europe.Simferopol=Châu Âu/Simferopol
pref.timezone.Europe.Skopje=Châu Âu/Skopje
pref.timezone.Europe.Sofia=Châu Âu/Sofia
pref.timezone.Europe.Stockholm=Châu Âu/Stockholm
pref.timezone.Europe.Tallinn=Châu Âu/Tallinn
pref.timezone.Europe.Tirane=Châu Âu/Tirane
pref.timezone.Europe.Uzhgorod=Châu Âu/Uzhgorod
pref.timezone.Europe.Vaduz=Châu Âu/Vaduz
pref.timezone.Europe.Vatican=Châu Âu/Vatican
pref.timezone.Europe.Vienna=Châu Âu/Vienna
pref.timezone.Europe.Vilnius=Châu Âu/Vilnius
pref.timezone.Europe.Volgograd=Châu Âu/Volgograd
pref.timezone.Europe.Warsaw=Châu Âu/Warsaw
pref.timezone.Europe.Zagreb=Châu Âu/Zagreb
pref.timezone.Europe.Zaporozhye=Châu Âu/Zaporozhye
pref.timezone.Europe.Zurich=Châu Âu/Zurich
pref.timezone.Indian.Antananarivo=Ấn Độ Dương/Antananarivo
pref.timezone.Indian.Chagos=Ấn Độ Dương/Chagos
pref.timezone.Indian.Christmas=Ấn Độ Dương/Christmas
pref.timezone.Indian.Cocos=Ấn Độ Dương/Cocos
pref.timezone.Indian.Comoro=Ấn Độ Dương/Comoro
pref.timezone.Indian.Kerguelen=Ấn Độ Dương/Kerguelen
pref.timezone.Indian.Mahe=Ấn Độ Dương/Mahe
pref.timezone.Indian.Maldives=Ấn Độ Dương/Maldives
pref.timezone.Indian.Mauritius=Ấn Độ Dương/Mauritius
pref.timezone.Indian.Mayotte=Ấn Độ Dương/Mayotte
pref.timezone.Indian.Reunion=Ấn Độ Dương/Reunion
pref.timezone.Pacific.Apia=Thái Bình Dương/Apia
pref.timezone.Pacific.Auckland=Thái Bình Dương/Auckland
pref.timezone.Pacific.Chatham=Thái Bình Dương/Chatham
pref.timezone.Pacific.Easter=Thái Bình Dương/Easter
pref.timezone.Pacific.Efate=Thái Bình Dương/Efate
pref.timezone.Pacific.Enderbury=Thái Bình Dương/Enderbury
pref.timezone.Pacific.Fakaofo=Thái Bình Dương/Fakaofo
pref.timezone.Pacific.Fiji=Thái Bình Dương/Fiji
pref.timezone.Pacific.Funafuti=Thái Bình Dương/Funafuti
pref.timezone.Pacific.Galapagos=Thái Bình Dương/Galapagos
pref.timezone.Pacific.Gambier=Thái Bình Dương/Gambier
pref.timezone.Pacific.Guadalcanal=Thái Bình Dương/Guadalcanal
pref.timezone.Pacific.Guam=Thái Bình Dương/Guam
pref.timezone.Pacific.Honolulu=Thái Bình Dương/Honolulu
pref.timezone.Pacific.Johnston=Thái Bình Dương/Johnston
pref.timezone.Pacific.Kiritimati=Thái Bình Dương/Kiritimati
pref.timezone.Pacific.Kosrae=Thái Bình Dương/Kosrae
pref.timezone.Pacific.Kwajalein=Thái Bình Dương/Kwajalein
pref.timezone.Pacific.Majuro=Thái Bình Dương/Majuro
pref.timezone.Pacific.Marquesas=Thái Bình Dương/Marquesas
pref.timezone.Pacific.Midway=Thái Bình Dương/Midway
pref.timezone.Pacific.Nauru=Thái Bình Dương/Nauru
pref.timezone.Pacific.Niue=Thái Bình Dương/Niue
pref.timezone.Pacific.Norfolk=Thái Bình Dương/Norfolk
pref.timezone.Pacific.Noumea=Thái Bình Dương/Noumea
pref.timezone.Pacific.Pago_Pago=Thái Bình Dương/Pago Pago
pref.timezone.Pacific.Palau=Thái Bình Dương/Palau
pref.timezone.Pacific.Pitcairn=Thái Bình Dương/Pitcairn
pref.timezone.Pacific.Ponape=Thái Bình Dương/Ponape
pref.timezone.Pacific.Port_Moresby=Thái Bình Dương/Port Moresby
pref.timezone.Pacific.Rarotonga=Thái Bình Dương/Rarotonga
pref.timezone.Pacific.Saipan=Thái Bình Dương/Saipan
pref.timezone.Pacific.Tahiti=Thái Bình Dương/Tahiti
pref.timezone.Pacific.Tarawa=Thái Bình Dương/Tarawa
pref.timezone.Pacific.Tongatapu=Thái Bình Dương/Tongatapu
pref.timezone.Pacific.Truk=Thái Bình Dương/Truk
pref.timezone.Pacific.Wake=Thái Bình Dương/Wake
pref.timezone.Pacific.Wallis=Thái Bình Dương/Wallis

# the following have been missing
pref.timezone.America.Indiana.Tell_City=Châu Mỹ/Indiana/Tell City
pref.timezone.America.Indiana.Winamac=Châu Mỹ/Indiana/Winamac
pref.timezone.America.Marigot=Châu Mỹ/Marigot
pref.timezone.America.Resolute=Châu Mỹ/Resolute
pref.timezone.America.St_Barthelemy=Châu Mỹ/St. Barthelemy

# added with 2008d:
pref.timezone.America.Argentina.San_Luis=Châu Mỹ/Argentina/San Luis
pref.timezone.America.Santarem=Châu Mỹ/Santarem
pref.timezone.Asia.Ho_Chi_Minh=Châu Á/Hồ Chí Minh
pref.timezone.Asia.Kolkata=Châu Á/Kolkata

# added with 2008i:
pref.timezone.America.Argentina.Salta=Châu Mỹ/Argentina/Salta

# added with 2010i
pref.timezone.America.Matamoros=Châu Mỹ/Matamoros
pref.timezone.America.Ojinaga=Châu Mỹ/Ojinaga
pref.timezone.America.Santa_Isabel=Châu Mỹ/Santa Isabel
pref.timezone.Antarctica.Macquarie=Châu Nam Cực/Macquarie
pref.timezone.Asia.Novokuznetsk=Châu Á/Novokuznetsk

#added with 2011b
pref.timezone.America.Bahia_Banderas=Châu Mỹ/Bahia Banderas
pref.timezone.America.North_Dakota.Beulah=Châu Mỹ/North Dakota/Beulah
pref.timezone.Pacific.Chuuk=Thái Bình Dương/Chuuk
pref.timezone.Pacific.Pohnpei=Thái Bình Dương/Ponape

#added with 2011n
pref.timezone.Africa.Juba=Châu Phi/Juba
pref.timezone.America.Kralendijk=Châu Mỹ/Kralendijk
pref.timezone.America.Lower_Princes=Châu Mỹ/Lower Princes
pref.timezone.America.Metlakatla=Châu Mỹ/Metlakatla
pref.timezone.America.Sitka=Châu Mỹ/Sitka
pref.timezone.Asia.Hebron=Châu Á/Hebron

#added with 2013a
pref.timezone.America.Creston=Châu Mỹ/Creston
pref.timezone.Asia.Khandyga=Châu Á/Khandyga
pref.timezone.Asia.Ust-Nera=Châu Á/Ust-Nera
pref.timezone.Europe.Busingen=Châu Âu/Busingen

#added with 2014b
pref.timezone.Antarctica.Troll=Châu Nam Cực/Troll

#added with 2014j
pref.timezone.Asia.Chita=Châu Á/Chita
pref.timezone.Asia.Srednekolymsk=Châu Á/Srednekolymsk
pref.timezone.Pacific.Bougainville=Thái Bình Dương/Bougainville

#added with 2.2015g
pref.timezone.America.Fort_Nelson=Châu Mỹ/Fort Nelson

#added with 2.2016b
pref.timezone.Europe.Ulyanovsk=Châu Âu/Ulyanovsk
pref.timezone.Europe.Astrakhan=Châu Âu/Astrakhan
pref.timezone.Asia.Barnaul=Châu Á/Barnaul

#added with 2.2016i
pref.timezone.Asia.Yangon=Châu Á/Yangon
pref.timezone.Asia.Tomsk=Châu Á/Tomsk
pref.timezone.Asia.Famagusta=Châu Á/Famagusta
pref.timezone.Europe.Kirov=Châu Âu/Kirov

#added with 2.2016j
pref.timezone.Europe.Saratov=Châu Âu/Saratov
pref.timezone.Asia.Atyrau=Châu Á/Atyrau

#added with 2.2017b
pref.timezone.America.Punta_Arenas=Châu Mỹ/Punta Arenas

#added with 2.2018i
pref.timezone.Asia.Qostanay=Châu Á/Qostanay

#added with 2.2020a
pref.timezone.America.Nuuk=Mỹ/Nuuk

#added with 2.2021c
pref.timezone.Pacific.Kanton=Thái Bình Dương/Kanton
