# This Source Code Form is subject to the terms of the Mozilla Public
# License, v. 2.0. If a copy of the MPL was not distributed with this
# file, You can obtain one at http://mozilla.org/MPL/2.0/.

pref.timezone.floating=الوقت المحلي
pref.timezone.UTC=جرينيتش

# I've derived this list out of timezones.dtd
# - replaced '_' with ' ' on value side
# - corrected 'St xyz' to 'St. xyz'

# timezone names:
pref.timezone.Africa.Abidjan=إفريقيا/أبدجان
pref.timezone.Africa.Accra=إفريقيا/أكرا
pref.timezone.Africa.Addis_Ababa=إفريقيا/أديس أبابا
pref.timezone.Africa.Algiers=إفريقيا/الجزائر
pref.timezone.Africa.Asmara=إفريقيا/أسمرة
pref.timezone.Africa.Bamako=إفريقيا/باماكو
pref.timezone.Africa.Bangui=إفريقيا/بانكوي
pref.timezone.Africa.Banjul=إفريقيا/بنجول
pref.timezone.Africa.Bissau=إفريقيا/بيساو
pref.timezone.Africa.Blantyre=إفريقيا/بلنتيرا
pref.timezone.Africa.Brazzaville=إفريقيا/برازافيل
pref.timezone.Africa.Bujumbura=إفريقيا/بوجمبورا
pref.timezone.Africa.Cairo=إفريقيا/القاهرة
pref.timezone.Africa.Casablanca=إفريقيا/الدّار البيضاء
pref.timezone.Africa.Ceuta=إفريقيا/سبتة
pref.timezone.Africa.Conakry=إفريقيا/كونكري
pref.timezone.Africa.Dakar=إفريقيا/دكّار
pref.timezone.Africa.Dar_es_Salaam=إفريقيا/دار السلام
pref.timezone.Africa.Djibouti=إفريقيا/جيبوتي
pref.timezone.Africa.Douala=إفريقيا/دوآلا
pref.timezone.Africa.El_Aaiun=إفريقيا/العيون
pref.timezone.Africa.Freetown=إفريقيا/فريتاون
pref.timezone.Africa.Gaborone=إفريقيا/غابورون
pref.timezone.Africa.Harare=إفريقيا/هراري
pref.timezone.Africa.Johannesburg=إفريقيا/جوهنسبورغ
pref.timezone.Africa.Kampala=إفريقيا/كمبالا
pref.timezone.Africa.Khartoum=إفريقيا/الخرطوم
pref.timezone.Africa.Kigali=إفريقيا/كيجالي
pref.timezone.Africa.Kinshasa=إفريقيا/كنشاسا
pref.timezone.Africa.Lagos=إفريقيا/لاغوس
pref.timezone.Africa.Libreville=إفريقيا/ليبرفيل
pref.timezone.Africa.Lome=إفريقيا/لومي
pref.timezone.Africa.Luanda=إفريقيا/لواندا
pref.timezone.Africa.Lubumbashi=إفريقيا/لوبمباشي
pref.timezone.Africa.Lusaka=إفريقيا/لوساكا
pref.timezone.Africa.Malabo=إفريقيا/مالابو
pref.timezone.Africa.Maputo=إفريقيا/مابوتو
pref.timezone.Africa.Maseru=إفريقيا/ماسيرو
pref.timezone.Africa.Mbabane=إفريقيا/مباباني
pref.timezone.Africa.Mogadishu=إفريقيا/مقديشو
pref.timezone.Africa.Monrovia=إفريقيا/منروفيا
pref.timezone.Africa.Nairobi=إفريقيا/نيروبي
pref.timezone.Africa.Ndjamena=إفريقيا/نجامينا
pref.timezone.Africa.Niamey=إفريقيا/نيامي
pref.timezone.Africa.Nouakchott=إفريقيا/نواكشوط
pref.timezone.Africa.Ouagadougou=إفريقيا/واكادوكو
pref.timezone.Africa.Porto-Novo=إفريقيا/بورتو نوفو
pref.timezone.Africa.Sao_Tome=إفريقيا/ساو تومي
pref.timezone.Africa.Tripoli=إفريقيا/طرابلس
pref.timezone.Africa.Tunis=إفريقيا/تونس
pref.timezone.Africa.Windhoek=إفريقيا/وندهوك
pref.timezone.America.Adak=أمريكا/أداك
pref.timezone.America.Anchorage=أمريكا/أنكورج
pref.timezone.America.Anguilla=أمريكا/أنغويلا
pref.timezone.America.Antigua=أمريكا/أنتغوا
pref.timezone.America.Araguaina=أمريكا/أرغوييانا
pref.timezone.America.Argentina.Buenos_Aires=أمريكا/الأرجنتين/بونيس آيرس
pref.timezone.America.Argentina.Catamarca=أمريكا/الأرجنتين/كاتاماركا
pref.timezone.America.Argentina.Cordoba=أمريكا/الأرجنتين/قرطبة
pref.timezone.America.Argentina.Jujuy=أمريكا/الأرجنتين/خوخوي
pref.timezone.America.Argentina.La_Rioja=أمريكا/الأرجنتين/لا ريوخا
pref.timezone.America.Argentina.Mendoza=أمريكا/الأرجنتين/مندوزا
pref.timezone.America.Argentina.Rio_Gallegos=أمريكا/الأرجنتين/ريو غاليغوس
pref.timezone.America.Argentina.San_Juan=أمريكا/الأرجنتين/سان خوان
pref.timezone.America.Argentina.Tucuman=أمريكا/الأرجنتين/توكومان
pref.timezone.America.Argentina.Ushuaia=أمريكا/الأرجنتين/أوشوايا
pref.timezone.America.Aruba=أمريكا/أروبا
pref.timezone.America.Asuncion=أمريكا/أصنسيون
pref.timezone.America.Atikokan=أمريكا/أتيكوكان
pref.timezone.America.Bahia=أمريكا/باهيا
pref.timezone.America.Barbados=أمريكا/باربادوس
pref.timezone.America.Belem=أمريكا/بلم
pref.timezone.America.Belize=أمريكا/بليز
pref.timezone.America.Blanc-Sablon=أمريكا/بليزا
pref.timezone.America.Boa_Vista=أمريكا/بووا فيستا
pref.timezone.America.Bogota=أمريكا/بوغوطا
pref.timezone.America.Boise=أمريكا/بويزي
pref.timezone.America.Cambridge_Bay=أمريكا/كمبردج بي
pref.timezone.America.Campo_Grande=أمريكا/كامبو غراندي
pref.timezone.America.Cancun=أمريكا/كانكون
pref.timezone.America.Caracas=أمريكا/كركاس
pref.timezone.America.Cayenne=أمريكا/كيان
pref.timezone.America.Cayman=أمريكا/كيمان
pref.timezone.America.Chicago=أمريكا/شيكاغو
pref.timezone.America.Chihuahua=أمريكا/تشيهواهوا
pref.timezone.America.Costa_Rica=أمريكا/كوستا ريكا
pref.timezone.America.Cuiaba=أمريكا/كويابا
pref.timezone.America.Curacao=أمريكا/كوراكاو
pref.timezone.America.Danmarkshavn=أمريكا/دنماركسهافن
pref.timezone.America.Dawson=أمريكا/دوسن
pref.timezone.America.Dawson_Creek=أمريكا/دوسن كريك
pref.timezone.America.Denver=أمريكا/دنفر
pref.timezone.America.Detroit=أمريكا/ديترويت
pref.timezone.America.Dominica=أمريكا/دومينكا
pref.timezone.America.Edmonton=أمريكا/إدمونتون
pref.timezone.America.Eirunepe=أمريكا/يرونيبي
pref.timezone.America.El_Salvador=أمريكا/السّلفادور
pref.timezone.America.Fortaleza=أمريكا/فورتاليزا
pref.timezone.America.Glace_Bay=أمريكا/جليس بي
pref.timezone.America.Godthab=أمريكا/كدثاب
pref.timezone.America.Goose_Bay=أمريكا/جوس باي
pref.timezone.America.Grand_Turk=أمريكا/كراند ترك
pref.timezone.America.Grenada=أمريكا/غرناطة
pref.timezone.America.Guadeloupe=أمريكا/جوادالوبّي
pref.timezone.America.Guatemala=أمريكا/غواتمالا
pref.timezone.America.Guayaquil=أمريكا/غوايقيل
pref.timezone.America.Guyana=أمريكا/غيانا
pref.timezone.America.Halifax=أمريكا/هاليفكس
pref.timezone.America.Havana=أمريكا/هافانا
pref.timezone.America.Hermosillo=أمريكا/هِرموسيليو
pref.timezone.America.Indiana.Indianapolis=أمريكا/إنديانا/إنديانابوليس
pref.timezone.America.Indiana.Knox=أمريكا/إنديانا/نوكس
pref.timezone.America.Indiana.Marengo=أمريكا/إنديانا/مارنجو
pref.timezone.America.Indiana.Petersburg=أمريكا/إنديانا/بطرسبورغ
pref.timezone.America.Indiana.Vevay=أمريكا/إنديانا/فيفاي
pref.timezone.America.Indiana.Vincennes=أمريكا/إنديانا/فينسينس
pref.timezone.America.Inuvik=أمريكا/إنوفيك
pref.timezone.America.Iqaluit=أمريكا/إقالويت
pref.timezone.America.Jamaica=أمريكا/جامايكا
pref.timezone.America.Juneau=أمريكا/جونو
pref.timezone.America.Kentucky.Louisville=أمريكا/كنتكي/لويفيل
pref.timezone.America.Kentucky.Monticello=أمريكا/كنتكي/منتيتشلو
pref.timezone.America.La_Paz=أمريكا/لا باز
pref.timezone.America.Lima=أمريكا/ليما
pref.timezone.America.Los_Angeles=أمريكا/لوس أنجلس
pref.timezone.America.Maceio=أمريكا/ماسيو
pref.timezone.America.Managua=أمريكا/ماناجوا
pref.timezone.America.Manaus=أمريكا/مناؤس
pref.timezone.America.Martinique=أمريكا/مارتِنيك
pref.timezone.America.Mazatlan=أمريكا/مازاتلان
pref.timezone.America.Menominee=أمريكا/مينومني
pref.timezone.America.Merida=أمريكا/مِريدا
pref.timezone.America.Mexico_City=أمريكا/مكسيكو سيتي
pref.timezone.America.Miquelon=أمريكا/مكويلُن
pref.timezone.America.Moncton=أمريكا/مونكتون
pref.timezone.America.Monterrey=أمريكا/مونتيري
pref.timezone.America.Montevideo=أمريكا/منتيفيدو
pref.timezone.America.Montreal=أمريكا/مونريال
pref.timezone.America.Montserrat=أمريكا/مونسيرات
pref.timezone.America.Nassau=أمريكا/ناساو
pref.timezone.America.New_York=أمريكا/نيو يورك
pref.timezone.America.Nipigon=أمريكا/نيبيجون
pref.timezone.America.Nome=أمريكا/نوم
pref.timezone.America.Noronha=أمريكا/نورونها
pref.timezone.America.North_Dakota.Center=أمريكا/داكوتا الشّماليّة/سنتر
pref.timezone.America.North_Dakota.New_Salem=أمريكا/داكوتا الشّماليّة/نيو سالم
pref.timezone.America.Panama=أمريكا/بنما
pref.timezone.America.Pangnirtung=أمريكا/بانغنرتونغ
pref.timezone.America.Paramaribo=أمريكا/باراماريبو
pref.timezone.America.Phoenix=أمريكا/فينكس
pref.timezone.America.Port-au-Prince=أمريكا/بورت أو برنس
pref.timezone.America.Port_of_Spain=أمريكا/بورت أوف سبين
pref.timezone.America.Porto_Velho=أمريكا/بورتو فلهو
pref.timezone.America.Puerto_Rico=أمريكا/بورتو ريكو
pref.timezone.America.Rainy_River=أمريكا/ريني ريفر
pref.timezone.America.Rankin_Inlet=أمريكا/رانكن إنلت
pref.timezone.America.Recife=أمريكا/ريسيف
pref.timezone.America.Regina=أمريكا/رِجينا
pref.timezone.America.Rio_Branco=أمريكا/ريو برانكو
pref.timezone.America.Santiago=أمريكا/سنتياغو
pref.timezone.America.Santo_Domingo=أمريكا/سانتو دومنغو
pref.timezone.America.Sao_Paulo=أمريكا/ساو باولو
pref.timezone.America.Scoresbysund=أمريكا/سكورسبيزند
pref.timezone.America.Shiprock=أمريكا/شِبروك
pref.timezone.America.St_Johns=أمريكا/سينت جونز
pref.timezone.America.St_Kitts=أمريكا/سينت كتس
pref.timezone.America.St_Lucia=أمريكا/سينت لوسيا
pref.timezone.America.St_Thomas=أمريكا/سينت توماس
pref.timezone.America.St_Vincent=أمريكا/سينت فنسنت
pref.timezone.America.Swift_Current=أمريكا/سويفت كرنت
pref.timezone.America.Tegucigalpa=أمريكا/تغوسيغالبا
pref.timezone.America.Thule=أمريكا/توله
pref.timezone.America.Thunder_Bay=أمريكا/ثندر باي
pref.timezone.America.Tijuana=أمريكا/تيهوانا
pref.timezone.America.Toronto=أمريكا/تورونتو
pref.timezone.America.Tortola=أمريكا/تورتولا
pref.timezone.America.Vancouver=أمريكا/فنكوفر
pref.timezone.America.Whitehorse=أمريكا/وايتهورس
pref.timezone.America.Winnipeg=أمريكا/وينيبغ
pref.timezone.America.Yakutat=أمريكا/ياكوتات
pref.timezone.America.Yellowknife=أمريكا/يلونايف
pref.timezone.Antarctica.Casey=المتجمّدة الجنوبيّة/كيسي
pref.timezone.Antarctica.Davis=المتجمّدة الجنوبيّة/ديفس
pref.timezone.Antarctica.DumontDUrville=المتجمّدة الجنوبيّة/دُمون دورفِل
pref.timezone.Antarctica.Mawson=المتجمّدة الجنوبيّة/موسُن
pref.timezone.Antarctica.McMurdo=المتجمّدة الجنوبيّة/مكمردو
pref.timezone.Antarctica.Palmer=المتجمّدة الجنوبيّة/بالمر
pref.timezone.Antarctica.Rothera=المتجمّدة الجنوبيّة/روثيرا
pref.timezone.Antarctica.South_Pole=المتجمّدة الجنوبيّة/القطب الجنوبي
pref.timezone.Antarctica.Syowa=المتجمّدة الجنوبيّة/سيوا
pref.timezone.Antarctica.Vostok=المتجمّدة الجنوبيّة/فوستُك
pref.timezone.Arctic.Longyearbyen=المتجمّدة الشّمالية/لونغييرباين
pref.timezone.Asia.Aden=آسيا/عدن
pref.timezone.Asia.Almaty=آسيا/الماطي
pref.timezone.Asia.Amman=آسيا/عمّان
pref.timezone.Asia.Anadyr=آسيا/أناضير
pref.timezone.Asia.Aqtau=آسيا/أقطاو
pref.timezone.Asia.Aqtobe=آسيا/أقطوبة
pref.timezone.Asia.Ashgabat=آسيا/عشق أباد
pref.timezone.Asia.Baghdad=آسيا/بغداد
pref.timezone.Asia.Bahrain=آسيا/البحرين
pref.timezone.Asia.Baku=آسيا/باكو
pref.timezone.Asia.Bangkok=آسيا/بنكوك
pref.timezone.Asia.Beirut=آسيا/بيروت
pref.timezone.Asia.Bishkek=آسيا/بشكك
pref.timezone.Asia.Brunei=آسيا/بروناي
pref.timezone.Asia.Choibalsan=آسيا/شويبلسان
pref.timezone.Asia.Chongqing=آسيا/تشن كين
pref.timezone.Asia.Colombo=آسيا/كلمبو
pref.timezone.Asia.Damascus=آسيا/دمشق
pref.timezone.Asia.Dhaka=آسيا/دكّا
pref.timezone.Asia.Dili=آسيا/ديلي
pref.timezone.Asia.Dubai=آسيا/دبي
pref.timezone.Asia.Dushanbe=آسيا/دوشمبا
pref.timezone.Asia.Gaza=آسيا/غزّة
pref.timezone.Asia.Harbin=آسيا/هاربن
pref.timezone.Asia.Hong_Kong=آسيا/هونغ كونغ
pref.timezone.Asia.Hovd=آسيا/هوفد
pref.timezone.Asia.Irkutsk=آسيا/إركتسك
pref.timezone.Asia.Istanbul=آسيا/إسطنبول
pref.timezone.Asia.Jakarta=آسيا/جاكرتا
pref.timezone.Asia.Jayapura=آسيا/جايابورا
pref.timezone.Asia.Jerusalem=آسيا/القدس
pref.timezone.Asia.Kabul=آسيا/كابل
pref.timezone.Asia.Kamchatka=آسيا/كمتشتكا
pref.timezone.Asia.Karachi=آسيا/كاراتشي
pref.timezone.Asia.Kashgar=آسيا/قشقر
pref.timezone.Asia.Kathmandu=آسيا/كاتماندو
pref.timezone.Asia.Krasnoyarsk=آسيا/كرسنويارسك
pref.timezone.Asia.Kuala_Lumpur=آسيا/كوالا لمبور
pref.timezone.Asia.Kuching=آسيا/كز تشن
pref.timezone.Asia.Kuwait=آسيا/الكويت
pref.timezone.Asia.Macau=آسيا/ماكاو
pref.timezone.Asia.Magadan=آسيا/مغدان
pref.timezone.Asia.Makassar=آسيا/ماكاسر
pref.timezone.Asia.Manila=آسيا/مانيلا
pref.timezone.Asia.Muscat=آسيا/مسقط
pref.timezone.Asia.Nicosia=آسيا/نيقوسيا
pref.timezone.Asia.Novosibirsk=آسيا/نوفوسيبرسك
pref.timezone.Asia.Omsk=آسيا/أُمسك
pref.timezone.Asia.Oral=آسيا/الأورال
pref.timezone.Asia.Phnom_Penh=آسيا/بنوم بن
pref.timezone.Asia.Pontianak=آسيا/بونتيانك
pref.timezone.Asia.Pyongyang=آسيا/بيونغ يانغ
pref.timezone.Asia.Qatar=آسيا/قطر
pref.timezone.Asia.Qyzylorda=آسيا/قيزيلردا
pref.timezone.Asia.Rangoon=آسيا/رنكون
pref.timezone.Asia.Riyadh=آسيا/الرّياض
pref.timezone.Asia.Sakhalin=آسيا/السّخالين
pref.timezone.Asia.Samarkand=آسيا/سمرقند
pref.timezone.Asia.Seoul=آسيا/سول
pref.timezone.Asia.Shanghai=آسيا/شنغهاي
pref.timezone.Asia.Singapore=آسيا/سنغافورة
pref.timezone.Asia.Taipei=آسيا/تايبا
pref.timezone.Asia.Tashkent=آسيا/طشقند
pref.timezone.Asia.Tbilisi=آسيا/تبيليسي
pref.timezone.Asia.Tehran=آسيا/طهران
pref.timezone.Asia.Thimphu=آسيا/ثمبو
pref.timezone.Asia.Tokyo=آسيا/طوكيو
pref.timezone.Asia.Ulaanbaatar=آسيا/أولان باطر
pref.timezone.Asia.Urumqi=آسيا/أُرمشة
pref.timezone.Asia.Vientiane=آسيا/فينتيان
pref.timezone.Asia.Vladivostok=آسيا/فلاديفوستك
pref.timezone.Asia.Yakutsk=آسيا/ياكتسك
pref.timezone.Asia.Yekaterinburg=آسيا/يكاتيرنبرغ
pref.timezone.Asia.Yerevan=آسيا/ييرفان
pref.timezone.Atlantic.Azores=المحيط الأطلسي/الآزور
pref.timezone.Atlantic.Bermuda=المحيط الأطلسي/برمودا
pref.timezone.Atlantic.Canary=المحيط الأطلسي/كاناري
pref.timezone.Atlantic.Cape_Verde=المحيط الأطلسي/كاب فرد
pref.timezone.Atlantic.Faroe=المحيط الأطلسي/الفارو
pref.timezone.Atlantic.Madeira=المحيط الأطلسي/ماديرا
pref.timezone.Atlantic.Reykjavik=المحيط الأطلسي/ريكيافك
pref.timezone.Atlantic.South_Georgia=المحيط الأطلسي/جنوب جورجيا
pref.timezone.Atlantic.St_Helena=المحيط الأطلسي/سان هيلانة
pref.timezone.Atlantic.Stanley=المحيط الأطلسي/ستانلي
pref.timezone.Australia.Adelaide=أستراليا/أدِليد
pref.timezone.Australia.Brisbane=أستراليا/برزبن
pref.timezone.Australia.Broken_Hill=أستراليا/بروكن هِل
pref.timezone.Australia.Currie=أستراليا/كوري
pref.timezone.Australia.Darwin=أستراليا/داروِن
pref.timezone.Australia.Eucla=أستراليا/إيوكلا
pref.timezone.Australia.Hobart=أستراليا/هوبارت
pref.timezone.Australia.Lindeman=أستراليا/لندمان
pref.timezone.Australia.Lord_Howe=أستراليا/لورد هاو
pref.timezone.Australia.Melbourne=أستراليا/ملبرن
pref.timezone.Australia.Perth=أستراليا/برث
pref.timezone.Australia.Sydney=أستراليا/سيدني
pref.timezone.Europe.Amsterdam=أوروبا/أمستردام
pref.timezone.Europe.Andorra=أوروبا/أندورا
pref.timezone.Europe.Athens=أوروبا/أثينا
pref.timezone.Europe.Belgrade=أوروبا/بلغراد
pref.timezone.Europe.Berlin=أوروبا/برلين
pref.timezone.Europe.Bratislava=أوروبا/براتسلافا
pref.timezone.Europe.Brussels=أوروبا/بروكسل
pref.timezone.Europe.Bucharest=أوروبا/بُخارست
pref.timezone.Europe.Budapest=أوروبا/بودابست
pref.timezone.Europe.Chisinau=أوروبا/كيشناو
pref.timezone.Europe.Copenhagen=أوروبا/كوبنهاغن
pref.timezone.Europe.Dublin=أوروبا/دبلن
pref.timezone.Europe.Gibraltar=أوروبا/جبل طارق
pref.timezone.Europe.Guernsey=أوروبا/غيرنزي
pref.timezone.Europe.Helsinki=أوروبا/هلسنكي
pref.timezone.Europe.Isle_of_Man=أوروبا/جزيرة مان
pref.timezone.Europe.Istanbul=أوروبا/إسطنبول
pref.timezone.Europe.Jersey=أوروبا/جيرزي
pref.timezone.Europe.Kaliningrad=أوروبا/كالينينغراد
pref.timezone.Europe.Kiev=أوروبا/كييف
pref.timezone.Europe.Lisbon=أوروبا/لشبونة
pref.timezone.Europe.Ljubljana=أوروبا/لوبليانا
pref.timezone.Europe.London=أوروبا/لندن
pref.timezone.Europe.Luxembourg=أوروبا/لوكسمبورج
pref.timezone.Europe.Madrid=أوروبا/مدريد
pref.timezone.Europe.Malta=أوروبا/مالطة
pref.timezone.Europe.Mariehamn=أوروبا/ماريهامن
pref.timezone.Europe.Minsk=أوروبا/مِنسك
pref.timezone.Europe.Monaco=أوروبا/موناكو
pref.timezone.Europe.Moscow=أوروبا/موسكو
pref.timezone.Europe.Nicosia=أوروبا/نيقوسيا
pref.timezone.Europe.Oslo=أوروبا/أوسلو
pref.timezone.Europe.Paris=أوروبا/باريس
pref.timezone.Europe.Podgorica=أوروبا/بودغوريتسا
pref.timezone.Europe.Prague=أوروبا/براغ
pref.timezone.Europe.Riga=أوروبا/ريغا
pref.timezone.Europe.Rome=أوروبا/روما
pref.timezone.Europe.Samara=أوروبا/سامارا
pref.timezone.Europe.San_Marino=أوروبا/سان مارينو
pref.timezone.Europe.Sarajevo=أوروبا/سراييفو
pref.timezone.Europe.Simferopol=أوروبا/سمفروبل
pref.timezone.Europe.Skopje=أوروبا/سكوبيه
pref.timezone.Europe.Sofia=أوروبا/صوفيا
pref.timezone.Europe.Stockholm=أوروبا/ستوكهولم
pref.timezone.Europe.Tallinn=أوروبا/تالن
pref.timezone.Europe.Tirane=أوروبا/تيرانا
pref.timezone.Europe.Uzhgorod=أوروبا/أزغورود
pref.timezone.Europe.Vaduz=أوروبا/فادُز
pref.timezone.Europe.Vatican=أوروبا/الفاتيكان
pref.timezone.Europe.Vienna=أوروبا/فيينا
pref.timezone.Europe.Vilnius=أوروبا/فلنيوس
pref.timezone.Europe.Volgograd=أوروبا/فولغوغراد
pref.timezone.Europe.Warsaw=أوروبا/وارسو
pref.timezone.Europe.Zagreb=أوروبا/زغرب
pref.timezone.Europe.Zaporozhye=أوروبا/زابوروزي
pref.timezone.Europe.Zurich=أوروبا/زيورخ
pref.timezone.Indian.Antananarivo=المحيط الهندي/أنتاناناريفو
pref.timezone.Indian.Chagos=المحيط الهندي/شاغس
pref.timezone.Indian.Christmas=المحيط الهندي/كريسماس
pref.timezone.Indian.Cocos=المحيط الهندي/الكوكوس
pref.timezone.Indian.Comoro=المحيط الهندي/القمر
pref.timezone.Indian.Kerguelen=المحيط الهندي/كرغويلن
pref.timezone.Indian.Mahe=المحيط الهندي/ماهي
pref.timezone.Indian.Maldives=المحيط الهندي/المالديف
pref.timezone.Indian.Mauritius=المحيط الهندي/موريشيوس
pref.timezone.Indian.Mayotte=المحيط الهندي/مايوتا
pref.timezone.Indian.Reunion=المحيط الهندي/ريونيون
pref.timezone.Pacific.Apia=الهادي/أبيا
pref.timezone.Pacific.Auckland=الهادي/أوكلند
pref.timezone.Pacific.Chatham=الهادي/تشاتهم
pref.timezone.Pacific.Easter=الهادي/إيستر
pref.timezone.Pacific.Efate=الهادي/إيفات
pref.timezone.Pacific.Enderbury=الهادي/إندربري
pref.timezone.Pacific.Fakaofo=الهادي/فاكاوفو
pref.timezone.Pacific.Fiji=الهادي/فيجي
pref.timezone.Pacific.Funafuti=الهادي/فونافوتي
pref.timezone.Pacific.Galapagos=الهادي/الجالاباجوس
pref.timezone.Pacific.Gambier=الهادي/غمبير
pref.timezone.Pacific.Guadalcanal=الهادي/غوادالكنال
pref.timezone.Pacific.Guam=الهادي/جوام
pref.timezone.Pacific.Honolulu=الهادي/هونولولو
pref.timezone.Pacific.Johnston=الهادي/جونستون
pref.timezone.Pacific.Kiritimati=الهادي/كيريتيماتي
pref.timezone.Pacific.Kosrae=الهادي/كوسراي
pref.timezone.Pacific.Kwajalein=الهادي/كواجلن
pref.timezone.Pacific.Majuro=الهادي/ماجورو
pref.timezone.Pacific.Marquesas=الهادي/مركيساس
pref.timezone.Pacific.Midway=الهادي/مدواي
pref.timezone.Pacific.Nauru=الهادي/ناورو
pref.timezone.Pacific.Niue=الهادي/نيوي
pref.timezone.Pacific.Norfolk=الهادي/نورفولك
pref.timezone.Pacific.Noumea=الهادي/نوميا
pref.timezone.Pacific.Pago_Pago=الهادي/باغو باغو
pref.timezone.Pacific.Palau=الهادي/بالاو
pref.timezone.Pacific.Pitcairn=الهادي/بتكيرن
pref.timezone.Pacific.Ponape=الهادي/بونابيه
pref.timezone.Pacific.Port_Moresby=الهادي/بورت مورزبي
pref.timezone.Pacific.Rarotonga=الهادي/راروتونغا
pref.timezone.Pacific.Saipan=الهادي/سايبان
pref.timezone.Pacific.Tahiti=الهادي/تاهيتي
pref.timezone.Pacific.Tarawa=الهادي/تاراوا
pref.timezone.Pacific.Tongatapu=الهادي/تونغاتابو
pref.timezone.Pacific.Truk=الهادي/ترك
pref.timezone.Pacific.Wake=الهادي/ويك
pref.timezone.Pacific.Wallis=الهادي/والس

# the following have been missing
pref.timezone.America.Indiana.Tell_City=أمريكا/إنديانا/مدينة تِل
pref.timezone.America.Indiana.Winamac=أمريكا/إنديانا/ويناماك
pref.timezone.America.Marigot=أمريكا/ماريجوت
pref.timezone.America.Resolute=أمريكا/ريزوليوت
pref.timezone.America.St_Barthelemy=أمريكا/سينت بارتيلمي

# added with 2008d:
pref.timezone.America.Argentina.San_Luis=أمريكا/الأرجنتين/سان لويس
pref.timezone.America.Santarem=امريكا/سانتاريم
pref.timezone.Asia.Ho_Chi_Minh=اسيا/هو تشي مينه
pref.timezone.Asia.Kolkata=آسيا/كولكاتا

# added with 2008i:
pref.timezone.America.Argentina.Salta=أمريكا/الأرجنتين/سالتا

# added with 2010i
pref.timezone.America.Matamoros=أمريكا/ماتاموروس
pref.timezone.America.Ojinaga=أمريكا/أوجيناغا
pref.timezone.America.Santa_Isabel=أمريكا/سانتا إيسابل
pref.timezone.Antarctica.Macquarie=المتجمّدة الجنوبيّة/ماكواري
pref.timezone.Asia.Novokuznetsk=آسيا/نوفوكوزنتسك

#added with 2011b
pref.timezone.America.Bahia_Banderas=أمريكا/باهيا بانديراس
pref.timezone.America.North_Dakota.Beulah=أمريكا/شمال داكوتا/بويلاه
pref.timezone.Pacific.Chuuk=الهادي/تشوك
pref.timezone.Pacific.Pohnpei=الهادي/بوهنبيه

#added with 2011n
pref.timezone.Africa.Juba=إفريقيا/جوبا
pref.timezone.America.Kralendijk=أمريكا/كرالينديك
pref.timezone.America.Lower_Princes=أمريكا/لُوَر برنسس
pref.timezone.America.Metlakatla=أمريكا/ميتلاكاتلا
pref.timezone.America.Sitka=أمريكا/سيتكا
pref.timezone.Asia.Hebron=آسيا/هيبرون

#added with 2013a
pref.timezone.America.Creston=أمريكا/كريستون
pref.timezone.Asia.Khandyga=آسيا/خانديجا
pref.timezone.Asia.Ust-Nera=آسيا/أست نيرا
pref.timezone.Europe.Busingen=أوروبا/بسينجن

#added with 2014b
pref.timezone.Antarctica.Troll=المتجمّدة الجنوبيّة/ترول

#added with 2014j
pref.timezone.Asia.Chita=آسيا/تشيتا
pref.timezone.Asia.Srednekolymsk=آسيا/سريدنكوليمسك
pref.timezone.Pacific.Bougainville=الهادئ/بوغنفيل

#added with 2.2015g
pref.timezone.America.Fort_Nelson=أمريكا/فورت نِلسون

#added with 2.2016b
pref.timezone.Europe.Ulyanovsk=أوروبا/أوليانوفسك
pref.timezone.Europe.Astrakhan=أوروبا/أستراخان
pref.timezone.Asia.Barnaul=آسيا/بارناول

#added with 2.2016i
pref.timezone.Asia.Yangon=آسيا/يانجون
pref.timezone.Asia.Tomsk=آسيا/تومسك
pref.timezone.Asia.Famagusta=آسيا/الماغوصة
pref.timezone.Europe.Kirov=أوروبا/كيروف

#added with 2.2016j
pref.timezone.Europe.Saratov=أوروبا/ساراتوف
pref.timezone.Asia.Atyrau=آسيا/أتيراو

#added with 2.2017b
pref.timezone.America.Punta_Arenas=أمريكا/بونتا أريناس

#added with 2.2018i
pref.timezone.Asia.Qostanay=آسيا/كوستناي

#added with 2.2020a
pref.timezone.America.Nuuk=أمريكا/نوك
