# This Source Code Form is subject to the terms of the Mozilla Public
# License, v. 2.0. If a copy of the MPL was not distributed with this
# file, You can obtain one at http://mozilla.org/MPL/2.0/.

# extension:
extensions.calendar-timezones@mozilla.org.name=Timezone Definitions for Mozilla Calendar
extensions.calendar-timezones@mozilla.org.description=Timezone definitions required by Sunbird and Lightning
extensions.calendar-timezones@mozilla.org.creator=Mozilla Calendar Project

pref.timezone.floating=Local Time
pref.timezone.UTC=UTC/GMT

# I've derived this list out of timezones.dtd
# - replaced '_' with ' ' on value side
# - corrected 'St xyz' to 'St. xyz'

# timezone names:
pref.timezone.Africa.Abidjan=අප්‍රිකාව/අභිද්ජන්
pref.timezone.Africa.Accra=අප්‍රිකාව/අක්ක්‍රා
pref.timezone.Africa.Addis_Ababa=අප්‍රිකාව/අඩ්ඩිස් අබාබා
pref.timezone.Africa.Algiers=Africa/Algiers
pref.timezone.Africa.Asmara=Africa/Asmara
pref.timezone.Africa.Bamako=Africa/Bamako
pref.timezone.Africa.Bangui=Africa/Bangui
pref.timezone.Africa.Banjul=Africa/Banjul
pref.timezone.Africa.Bissau=අප්‍රිකාව/බිසවු
pref.timezone.Africa.Blantyre=Africa/Blantyre
pref.timezone.Africa.Brazzaville=Africa/Brazzaville
pref.timezone.Africa.Bujumbura=Africa/Bujumbura
pref.timezone.Africa.Cairo=අප්‍රිකාව/කයිරෝ
pref.timezone.Africa.Casablanca=Africa/Casablanca
pref.timezone.Africa.Ceuta=Africa/Ceuta
pref.timezone.Africa.Conakry=Africa/Conakry
pref.timezone.Africa.Dakar=අප්‍රිකාව/ඩකා
pref.timezone.Africa.Dar_es_Salaam=Africa/Dar es Salaam
pref.timezone.Africa.Djibouti=Africa/Djibouti
pref.timezone.Africa.Douala=Africa/Douala
pref.timezone.Africa.El_Aaiun=Africa/El Aaiun
pref.timezone.Africa.Freetown=Africa/Freetown
pref.timezone.Africa.Gaborone=Africa/Gaborone
pref.timezone.Africa.Harare=අප්‍රිකාව/හරාරේ
pref.timezone.Africa.Johannesburg=Africa/Johannesburg
pref.timezone.Africa.Kampala=අප්‍රිකාව/කම්පාලා
pref.timezone.Africa.Khartoum=Africa/Khartoum
pref.timezone.Africa.Kigali=අප්‍රිකාව/කිගාලි
pref.timezone.Africa.Kinshasa=අප්‍රිකාව/කිංෂාසා
pref.timezone.Africa.Lagos=Africa/Lagos
pref.timezone.Africa.Libreville=Africa/Libreville
pref.timezone.Africa.Lome=Africa/Lome
pref.timezone.Africa.Luanda=අප්‍රිකාව/ලුවන්ඩා
pref.timezone.Africa.Lubumbashi=Africa/Lubumbashi
pref.timezone.Africa.Lusaka=Africa/Lusaka
pref.timezone.Africa.Malabo=Africa/Malabo
pref.timezone.Africa.Maputo=Africa/Maputo
pref.timezone.Africa.Maseru=Africa/Maseru
pref.timezone.Africa.Mbabane=Africa/Mbabane
pref.timezone.Africa.Mogadishu=අප්‍රිකාව/මොගඩිෂු
pref.timezone.Africa.Monrovia=අප්‍රිකාව/මොන්රෝවියා
pref.timezone.Africa.Nairobi=අප්‍රිකාව/නයිරෝබි
pref.timezone.Africa.Ndjamena=Africa/Ndjamena
pref.timezone.Africa.Niamey=Africa/Niamey
pref.timezone.Africa.Nouakchott=Africa/Nouakchott
pref.timezone.Africa.Ouagadougou=Africa/Ouagadougou
pref.timezone.Africa.Porto-Novo=Africa/Porto-Novo
pref.timezone.Africa.Sao_Tome=Africa/Sao Tome
pref.timezone.Africa.Tripoli=Africa/Tripoli
pref.timezone.Africa.Tunis=අප්‍රිකාව/ටියුනිස්
pref.timezone.Africa.Windhoek=Africa/Windhoek
pref.timezone.America.Adak=America/Adak
pref.timezone.America.Anchorage=America/Anchorage
pref.timezone.America.Anguilla=America/Anguilla
pref.timezone.America.Antigua=ඇමරිකාව/ඇන්ටිගුවා
pref.timezone.America.Araguaina=America/Araguaina
pref.timezone.America.Argentina.Buenos_Aires=America/Argentina/Buenos Aires
pref.timezone.America.Argentina.Catamarca=America/Argentina/Catamarca
pref.timezone.America.Argentina.Cordoba=America/Argentina/Cordoba
pref.timezone.America.Argentina.Jujuy=America/Argentina/Jujuy
pref.timezone.America.Argentina.La_Rioja=America/Argentina/La Rioja
pref.timezone.America.Argentina.Mendoza=America/Argentina/Mendoza
pref.timezone.America.Argentina.Rio_Gallegos=America/Argentina/Rio Gallegos
pref.timezone.America.Argentina.San_Juan=America/Argentina/San Juan
pref.timezone.America.Argentina.Tucuman=America/Argentina/Tucuman
pref.timezone.America.Argentina.Ushuaia=America/Argentina/Ushuaia
pref.timezone.America.Aruba=America/Aruba
pref.timezone.America.Asuncion=America/Asuncion
pref.timezone.America.Atikokan=America/Atikokan
pref.timezone.America.Bahia=America/Bahia
pref.timezone.America.Barbados=ඇමරිකාව/බාබඩෝස්
pref.timezone.America.Belem=America/Belem
pref.timezone.America.Belize=America/Belize
pref.timezone.America.Blanc-Sablon=America/Blanc-Sablon
pref.timezone.America.Boa_Vista=America/Boa Vista
pref.timezone.America.Bogota=America/Bogota
pref.timezone.America.Boise=America/Boise
pref.timezone.America.Cambridge_Bay=America/Cambridge Bay
pref.timezone.America.Campo_Grande=America/Campo Grande
pref.timezone.America.Cancun=America/Cancun
pref.timezone.America.Caracas=America/Caracas
pref.timezone.America.Cayenne=America/Cayenne
pref.timezone.America.Cayman=America/Cayman
pref.timezone.America.Chicago=ඇමරිකාව/චිකාගෝ
pref.timezone.America.Chihuahua=America/Chihuahua
pref.timezone.America.Costa_Rica=ඇමරිකාව/කොස්ටාරිකා
pref.timezone.America.Cuiaba=America/Cuiaba
pref.timezone.America.Curacao=America/Curacao
pref.timezone.America.Danmarkshavn=America/Danmarkshavn
pref.timezone.America.Dawson=America/Dawson
pref.timezone.America.Dawson_Creek=America/Dawson Creek
pref.timezone.America.Denver=America/Denver
pref.timezone.America.Detroit=America/Detroit
pref.timezone.America.Dominica=America/Dominica
pref.timezone.America.Edmonton=America/Edmonton
pref.timezone.America.Eirunepe=America/Eirunepe
pref.timezone.America.El_Salvador=ඇමරිකාව/එල්-සැල්වදෝරය
pref.timezone.America.Fortaleza=America/Fortaleza
pref.timezone.America.Glace_Bay=America/Glace Bay
pref.timezone.America.Godthab=America/Godthab
pref.timezone.America.Goose_Bay=America/Goose Bay
pref.timezone.America.Grand_Turk=America/Grand Turk
pref.timezone.America.Grenada=America/Grenada
pref.timezone.America.Guadeloupe=America/Guadeloupe
pref.timezone.America.Guatemala=ඇමරිකාව/ගෝතමාලාව
pref.timezone.America.Guayaquil=America/Guayaquil
pref.timezone.America.Guyana=ඇමරිකාව/ගයනා
pref.timezone.America.Halifax=America/Halifax
pref.timezone.America.Havana=ඇමරිකාව/හවානා
pref.timezone.America.Hermosillo=America/Hermosillo
pref.timezone.America.Indiana.Indianapolis=America/Indiana/Indianapolis
pref.timezone.America.Indiana.Knox=America/Indiana/Knox
pref.timezone.America.Indiana.Marengo=America/Indiana/Marengo
pref.timezone.America.Indiana.Petersburg=America/Indiana/Petersburg
pref.timezone.America.Indiana.Vevay=America/Indiana/Vevay
pref.timezone.America.Indiana.Vincennes=America/Indiana/Vincennes
pref.timezone.America.Inuvik=America/Inuvik
pref.timezone.America.Iqaluit=America/Iqaluit
pref.timezone.America.Jamaica=ඇමරිකාව/ජැමෙයිකා
pref.timezone.America.Juneau=America/Juneau
pref.timezone.America.Kentucky.Louisville=America/Kentucky/Louisville
pref.timezone.America.Kentucky.Monticello=America/Kentucky/Monticello
pref.timezone.America.La_Paz=America/La Paz
pref.timezone.America.Lima=ඇමරිකාව/ලීමා
pref.timezone.America.Los_Angeles=ඇමරිකාව/ලොස්-ඇන්ජලීස්
pref.timezone.America.Maceio=America/Maceio
pref.timezone.America.Managua=America/Managua
pref.timezone.America.Manaus=America/Manaus
pref.timezone.America.Martinique=America/Martinique
pref.timezone.America.Mazatlan=America/Mazatlan
pref.timezone.America.Menominee=America/Menominee
pref.timezone.America.Merida=America/Merida
pref.timezone.America.Mexico_City=ඇමරිකාව/මෙක්සිකෝ සිටි
pref.timezone.America.Miquelon=America/Miquelon
pref.timezone.America.Moncton=America/Moncton
pref.timezone.America.Monterrey=America/Monterrey
pref.timezone.America.Montevideo=America/Montevideo
pref.timezone.America.Montreal=ඇමරිකාව/මොන්ට්‍රියල්
pref.timezone.America.Montserrat=America/Montserrat
pref.timezone.America.Nassau=America/Nassau
pref.timezone.America.New_York=ඇමරිකාව/නිවියෝර්ක්
pref.timezone.America.Nipigon=America/Nipigon
pref.timezone.America.Nome=America/Nome
pref.timezone.America.Noronha=America/Noronha
pref.timezone.America.North_Dakota.Center=America/North Dakota/Center
pref.timezone.America.North_Dakota.New_Salem=America/North Dakota/New Salem
pref.timezone.America.Panama=ඇමරිකාව/පැනමා
pref.timezone.America.Pangnirtung=America/Pangnirtung
pref.timezone.America.Paramaribo=America/Paramaribo
pref.timezone.America.Phoenix=America/Phoenix
pref.timezone.America.Port-au-Prince=America/Port-au-Prince
pref.timezone.America.Port_of_Spain=America/Port of Spain
pref.timezone.America.Porto_Velho=America/Porto Velho
pref.timezone.America.Puerto_Rico=America/Puerto Rico
pref.timezone.America.Rainy_River=America/Rainy River
pref.timezone.America.Rankin_Inlet=America/Rankin Inlet
pref.timezone.America.Recife=America/Recife
pref.timezone.America.Regina=America/Regina
pref.timezone.America.Rio_Branco=America/Rio Branco
pref.timezone.America.Santiago=ඇමරිකාව/සැන්තියාගෝ
pref.timezone.America.Santo_Domingo=America/Santo Domingo
pref.timezone.America.Sao_Paulo=America/Sao Paulo
pref.timezone.America.Scoresbysund=America/Scoresbysund
pref.timezone.America.Shiprock=America/Shiprock
pref.timezone.America.St_Johns=America/St. Johns
pref.timezone.America.St_Kitts=America/St. Kitts
pref.timezone.America.St_Lucia=America/St. Lucia
pref.timezone.America.St_Thomas=America/St. Thomas
pref.timezone.America.St_Vincent=America/St. Vincent
pref.timezone.America.Swift_Current=America/Swift Current
pref.timezone.America.Tegucigalpa=America/Tegucigalpa
pref.timezone.America.Thule=America/Thule
pref.timezone.America.Thunder_Bay=America/Thunder Bay
pref.timezone.America.Tijuana=America/Tijuana
pref.timezone.America.Toronto=ඇමරිකාව/ටොරොන්ටෝ
pref.timezone.America.Tortola=America/Tortola
pref.timezone.America.Vancouver=ඇමරිකාව/වැන්කුවර්
pref.timezone.America.Whitehorse=America/Whitehorse
pref.timezone.America.Winnipeg=America/Winnipeg
pref.timezone.America.Yakutat=America/Yakutat
pref.timezone.America.Yellowknife=America/Yellowknife
pref.timezone.Antarctica.Casey=Antarctica/Casey
pref.timezone.Antarctica.Davis=Antarctica/Davis
pref.timezone.Antarctica.DumontDUrville=Antarctica/DumontDUrville
pref.timezone.Antarctica.Mawson=Antarctica/Mawson
pref.timezone.Antarctica.McMurdo=Antarctica/McMurdo
pref.timezone.Antarctica.Palmer=Antarctica/Palmer
pref.timezone.Antarctica.Rothera=Antarctica/Rothera
pref.timezone.Antarctica.South_Pole=Antarctica/South Pole
pref.timezone.Antarctica.Syowa=Antarctica/Syowa
pref.timezone.Antarctica.Vostok=Antarctica/Vostok
pref.timezone.Arctic.Longyearbyen=Arctic/Longyearbyen
pref.timezone.Asia.Aden=Asia/Aden
pref.timezone.Asia.Almaty=Asia/Almaty
pref.timezone.Asia.Amman=Asia/Amman
pref.timezone.Asia.Anadyr=Asia/Anadyr
pref.timezone.Asia.Aqtau=Asia/Aqtau
pref.timezone.Asia.Aqtobe=Asia/Aqtobe
pref.timezone.Asia.Ashgabat=Asia/Ashgabat
pref.timezone.Asia.Baghdad=ආසියාව/බැග්ඩෑග්
pref.timezone.Asia.Bahrain=ආසියාව/බහරේන්
pref.timezone.Asia.Baku=Asia/Baku
pref.timezone.Asia.Bangkok=ආසියාව/බැංකොක්
pref.timezone.Asia.Beirut=ආසියාව/බීරූට්
pref.timezone.Asia.Bishkek=Asia/Bishkek
pref.timezone.Asia.Brunei=ආසියාව/බෲනායි
pref.timezone.Asia.Choibalsan=Asia/Choibalsan
pref.timezone.Asia.Chongqing=Asia/Chongqing
pref.timezone.Asia.Colombo=ආසියාව/කොළඹ
pref.timezone.Asia.Damascus=ආසියාව/ඩමස්කස්
pref.timezone.Asia.Dhaka=ආසියාව/ඩකා
pref.timezone.Asia.Dili=Asia/Dili
pref.timezone.Asia.Dubai=ආසියාව/ඩුබායි
pref.timezone.Asia.Dushanbe=Asia/Dushanbe
pref.timezone.Asia.Gaza=ආසියාව/ගාසා
pref.timezone.Asia.Harbin=Asia/Harbin
pref.timezone.Asia.Hong_Kong=ආසියාව/හොංකොං
pref.timezone.Asia.Hovd=Asia/Hovd
pref.timezone.Asia.Irkutsk=Asia/Irkutsk
pref.timezone.Asia.Istanbul=ආසියාව/ඉස්තාන්බූල්
pref.timezone.Asia.Jakarta=ආසියාව/ජකර්තා
pref.timezone.Asia.Jayapura=Asia/Jayapura
pref.timezone.Asia.Jerusalem=ආසියාව/ජෙරුසෙලම්
pref.timezone.Asia.Kabul=ආසියාව/කාබූල්
pref.timezone.Asia.Kamchatka=Asia/Kamchatka
pref.timezone.Asia.Karachi=ආසියාව/කරච්චි
pref.timezone.Asia.Kashgar=Asia/Kashgar
pref.timezone.Asia.Kathmandu=ආසියාව/කත්මණ්ඩු
pref.timezone.Asia.Krasnoyarsk=Asia/Krasnoyarsk
pref.timezone.Asia.Kuala_Lumpur=ආසියාව/ක්වාලාලාම්පූර්
pref.timezone.Asia.Kuching=Asia/Kuching
pref.timezone.Asia.Kuwait=ආසියාව/කුවේට්
pref.timezone.Asia.Macau=Asia/Macau
pref.timezone.Asia.Magadan=Asia/Magadan
pref.timezone.Asia.Makassar=Asia/Makassar
pref.timezone.Asia.Manila=ආසියාව/මැනිලා
pref.timezone.Asia.Muscat=ආසියාව/මස්කට්
pref.timezone.Asia.Nicosia=ආසියාව/නිකොසියා
pref.timezone.Asia.Novosibirsk=Asia/Novosibirsk
pref.timezone.Asia.Omsk=Asia/Omsk
pref.timezone.Asia.Oral=Asia/Oral
pref.timezone.Asia.Phnom_Penh=Asia/Phnom Penh
pref.timezone.Asia.Pontianak=Asia/Pontianak
pref.timezone.Asia.Pyongyang=Asia/Pyongyang
pref.timezone.Asia.Qatar=ආසියාව/කටාර්
pref.timezone.Asia.Qyzylorda=Asia/Qyzylorda
pref.timezone.Asia.Rangoon=ආසියාව/රැන්ගූන්
pref.timezone.Asia.Riyadh=ආසියාව/රියාද්
pref.timezone.Asia.Sakhalin=Asia/Sakhalin
pref.timezone.Asia.Samarkand=Asia/Samarkand
pref.timezone.Asia.Seoul=ආසියාව/සියෝල්
pref.timezone.Asia.Shanghai=ආසියාව/ෂැංහයි
pref.timezone.Asia.Singapore=ආසියාව/සිංගප්පූරුව
pref.timezone.Asia.Taipei=ආසියාව/තායිපේ
pref.timezone.Asia.Tashkent=Asia/Tashkent
pref.timezone.Asia.Tbilisi=Asia/Tbilisi
pref.timezone.Asia.Tehran=ආසියාව/ටෙහෙරාන්
pref.timezone.Asia.Thimphu=ආසියාව/තිම්පු
pref.timezone.Asia.Tokyo=ආසියාව/ටෝකියෝ
pref.timezone.Asia.Ulaanbaatar=Asia/Ulaanbaatar
pref.timezone.Asia.Urumqi=Asia/Urumqi
pref.timezone.Asia.Vientiane=Asia/Vientiane
pref.timezone.Asia.Vladivostok=Asia/Vladivostok
pref.timezone.Asia.Yakutsk=Asia/Yakutsk
pref.timezone.Asia.Yekaterinburg=Asia/Yekaterinburg
pref.timezone.Asia.Yerevan=Asia/Yerevan
pref.timezone.Atlantic.Azores=Atlantic/Azores
pref.timezone.Atlantic.Bermuda=අත්ලාන්තික්/බර්මියුඩා
pref.timezone.Atlantic.Canary=අත්ලාන්තික්/කැනරි
pref.timezone.Atlantic.Cape_Verde=Atlantic/Cape Verde
pref.timezone.Atlantic.Faroe=Atlantic/Faroe
pref.timezone.Atlantic.Madeira=Atlantic/Madeira
pref.timezone.Atlantic.Reykjavik=Atlantic/Reykjavik
pref.timezone.Atlantic.South_Georgia=අත්ලාන්තික්/දකුණු ජෝර්ජියා
pref.timezone.Atlantic.St_Helena=අත්ලාන්තික්/ශා. හෙලේනා
pref.timezone.Atlantic.Stanley=Atlantic/Stanley
pref.timezone.Australia.Adelaide=ඕස්ට්‍රේලියා/ඇඩිලේඩ්
pref.timezone.Australia.Brisbane=ඕස්ට්‍රේලියා/බ්‍රිස්බේන්
pref.timezone.Australia.Broken_Hill=Australia/Broken Hill
pref.timezone.Australia.Currie=Australia/Currie
pref.timezone.Australia.Darwin=ඕස්ට්‍රේලියා/ඩාර්වින්
pref.timezone.Australia.Eucla=Australia/Eucla
pref.timezone.Australia.Hobart=ඕස්ට්‍රේලියා/හෝබාර්ට්
pref.timezone.Australia.Lindeman=Australia/Lindeman
pref.timezone.Australia.Lord_Howe=Australia/Lord Howe
pref.timezone.Australia.Melbourne=ඕස්ට්‍රේලියා/මෙල්බර්න්
pref.timezone.Australia.Perth=ඕස්ට්‍රේලියා/පර්ත්
pref.timezone.Australia.Sydney=ඕස්ට්‍රේලියා/සිඩ්නි
pref.timezone.Europe.Amsterdam=යුරෝපය/ඇම්ස්ටර්ඩෑම්
pref.timezone.Europe.Andorra=Europe/Andorra
pref.timezone.Europe.Athens=යුරෝපය/ඇතන්ස්
pref.timezone.Europe.Belgrade=යුරෝපය/බෙල්ග්‍රේඩ්
pref.timezone.Europe.Berlin=යුරෝපය/බර්ලින්
pref.timezone.Europe.Bratislava=Europe/Bratislava
pref.timezone.Europe.Brussels=යුරෝපය/බ්‍රසල්ස්
pref.timezone.Europe.Bucharest=Europe/Bucharest
pref.timezone.Europe.Budapest=යුරෝපය/බුඩාපේස්ට්
pref.timezone.Europe.Chisinau=Europe/Chisinau
pref.timezone.Europe.Copenhagen=යුරෝපය/කෝපන්හේගන්
pref.timezone.Europe.Dublin=යුරෝපය/ඩබ්ලින්
pref.timezone.Europe.Gibraltar=Europe/Gibraltar
pref.timezone.Europe.Guernsey=Europe/Guernsey
pref.timezone.Europe.Helsinki=යුරෝපය/හෙල්සින්කි
pref.timezone.Europe.Isle_of_Man=Europe/Isle of Man
pref.timezone.Europe.Istanbul=යුරෝපය/ඉස්තාන්බූල්
pref.timezone.Europe.Jersey=Europe/Jersey
pref.timezone.Europe.Kaliningrad=Europe/Kaliningrad
pref.timezone.Europe.Kiev=Europe/Kiev
pref.timezone.Europe.Lisbon=යුරෝපය/ලිස්බන්
pref.timezone.Europe.Ljubljana=Europe/Ljubljana
pref.timezone.Europe.London=යුරෝපය/ලන්ඩන්
pref.timezone.Europe.Luxembourg=යුරෝපය/ලක්සම්බර්ග්
pref.timezone.Europe.Madrid=යුරෝපය/මැඩ්රීඩ්
pref.timezone.Europe.Malta=Europe/Malta
pref.timezone.Europe.Mariehamn=Europe/Mariehamn
pref.timezone.Europe.Minsk=Europe/Minsk
pref.timezone.Europe.Monaco=Europe/Monaco
pref.timezone.Europe.Moscow=යුරෝපය/මොස්කව්
pref.timezone.Europe.Nicosia=Europe/Nicosia
pref.timezone.Europe.Oslo=යුරෝපය/ඔස්ලෝ
pref.timezone.Europe.Paris=යුරෝපය/පැරිස්
pref.timezone.Europe.Podgorica=Europe/Podgorica
pref.timezone.Europe.Prague=Europe/Prague
pref.timezone.Europe.Riga=Europe/Riga
pref.timezone.Europe.Rome=යුරෝපය/රෝමය
pref.timezone.Europe.Samara=Europe/Samara
pref.timezone.Europe.San_Marino=Europe/San Marino
pref.timezone.Europe.Sarajevo=Europe/Sarajevo
pref.timezone.Europe.Simferopol=Europe/Simferopol
pref.timezone.Europe.Skopje=Europe/Skopje
pref.timezone.Europe.Sofia=Europe/Sofia
pref.timezone.Europe.Stockholm=යුරෝපය/ස්ටොක්හෝම්
pref.timezone.Europe.Tallinn=Europe/Tallinn
pref.timezone.Europe.Tirane=Europe/Tirane
pref.timezone.Europe.Uzhgorod=Europe/Uzhgorod
pref.timezone.Europe.Vaduz=Europe/Vaduz
pref.timezone.Europe.Vatican=යුරෝපය/වතිකානුව
pref.timezone.Europe.Vienna=යුරෝපය/වියානා
pref.timezone.Europe.Vilnius=Europe/Vilnius
pref.timezone.Europe.Volgograd=Europe/Volgograd
pref.timezone.Europe.Warsaw=යුරෝපය/වෝර්සෝ
pref.timezone.Europe.Zagreb=Europe/Zagreb
pref.timezone.Europe.Zaporozhye=Europe/Zaporozhye
pref.timezone.Europe.Zurich=යුරෝපය/සූරිච්
pref.timezone.Indian.Antananarivo=Indian/Antananarivo
pref.timezone.Indian.Chagos=Indian/Chagos
pref.timezone.Indian.Christmas=Indian/Christmas
pref.timezone.Indian.Cocos=Indian/Cocos
pref.timezone.Indian.Comoro=Indian/Comoro
pref.timezone.Indian.Kerguelen=Indian/Kerguelen
pref.timezone.Indian.Mahe=Indian/Mahe
pref.timezone.Indian.Maldives=Indian/Maldives
pref.timezone.Indian.Mauritius=Indian/Mauritius
pref.timezone.Indian.Mayotte=Indian/Mayotte
pref.timezone.Indian.Reunion=Indian/Reunion
pref.timezone.Pacific.Apia=පැසිෆික්/ඇපියා
pref.timezone.Pacific.Auckland=පැසිෆික්/ඕක්ලන්තය
pref.timezone.Pacific.Chatham=පැසිෆික්/චැතැම්
pref.timezone.Pacific.Easter=Pacific/Easter
pref.timezone.Pacific.Efate=Pacific/Efate
pref.timezone.Pacific.Enderbury=Pacific/Enderbury
pref.timezone.Pacific.Fakaofo=Pacific/Fakaofo
pref.timezone.Pacific.Fiji=පැසිෆික්/ෆිජි
pref.timezone.Pacific.Funafuti=පැසිෆික්/ෆුනෆුති
pref.timezone.Pacific.Galapagos=පැසිෆික්/බැලපැගොස්
pref.timezone.Pacific.Gambier=පැසිෆික්/ගැම්බියර්
pref.timezone.Pacific.Guadalcanal=පැසිෆික්/ග්වාඩල්කනල්
pref.timezone.Pacific.Guam=පැසිෆික්/ගඋම්
pref.timezone.Pacific.Honolulu=පැසිෆික්/හොනොලුලු
pref.timezone.Pacific.Johnston=පැසිෆික්/ජොහ්න්ටන්
pref.timezone.Pacific.Kiritimati=පැසිෆික්/කිරිතිමති
pref.timezone.Pacific.Kosrae=පැසිෆික්/කොස්රේ
pref.timezone.Pacific.Kwajalein=පැසිෆික්/ක්වාජලයින්
pref.timezone.Pacific.Majuro=පැසිෆික්/මජුරෝ
pref.timezone.Pacific.Marquesas=Pacific/Marquesas
pref.timezone.Pacific.Midway=පැසිෆික්/මිඩ්වේ
pref.timezone.Pacific.Nauru=පැසිෆික්/නවුරු
pref.timezone.Pacific.Niue=පැසිෆික්/නියු
pref.timezone.Pacific.Norfolk=පැසිෆික්/නොර්ෆොල්ක්
pref.timezone.Pacific.Noumea=පැසිෆික්/නොවමියා
pref.timezone.Pacific.Pago_Pago=පැසිෆික්/පැගෝ පැගෝ
pref.timezone.Pacific.Palau=පැසිෆික්/පලව්
pref.timezone.Pacific.Pitcairn=පැසිෆික්/පිට්කයිරන්
pref.timezone.Pacific.Ponape=පැසිෆික්/පොනැප්
pref.timezone.Pacific.Port_Moresby=පැසිෆික්/මොරෙස්බි වරාය
pref.timezone.Pacific.Rarotonga=පැසිෆික්/රරොටන්ගා
pref.timezone.Pacific.Saipan=පැසිෆික්/සයිපන්
pref.timezone.Pacific.Tahiti=පැසිෆික්/ටහිටි
pref.timezone.Pacific.Tarawa=පැසිෆික්/ටරවා
pref.timezone.Pacific.Tongatapu=පැසිෆික්/ටොන්ගටපු
pref.timezone.Pacific.Truk=පැසිෆික්/ට්‍රක්
pref.timezone.Pacific.Wake=පැසිෆික්/වෙක්
pref.timezone.Pacific.Wallis=පැසිෆික්/වොලිස්

# the following have been missing
pref.timezone.America.Indiana.Tell_City=ඇමරිකාව/ඉන්දියානා/ටෙල් සිටි
pref.timezone.America.Indiana.Winamac=ඇමරිකාව/ඉන්දියානා/විනැමැක්
pref.timezone.America.Marigot=ඇමරිකාව/මැරිගොට
pref.timezone.America.Resolute=ඇමරිකාව/රිසොලුට්
pref.timezone.America.St_Barthelemy=ඇමරිකාව/ශාන්ත බර්තෙලෙමි

# added with 0.1.2008d:
pref.timezone.America.Argentina.San_Luis=ඇමරිකාව/අර්ජන්ටිනා/සැන් ලුයිස්
pref.timezone.America.Santarem=ඇමරිකාව/සැන්ටරිම්
pref.timezone.Asia.Ho_Chi_Minh=ආසියාව/හෝ චි මින්හ්
pref.timezone.Asia.Kolkata=ආසියාව/කොල්කටා

# added with 0.1.2008i:
pref.timezone.America.Argentina.Salta=America/Argentina/Salta
