# This Source Code Form is subject to the terms of the Waterfox Public
# License, v. 2.0. If a copy of the MPL was not distributed with this
# file, You can obtain one at http://mozilla.org/MPL/2.0/.

pref.timezone.floating=Heure locale
pref.timezone.UTC=UTC/GMT

# I've derived this list out of timezones.dtd
# - replaced '_' with ' ' on value side
# - corrected 'St xyz' to 'St. xyz'

# timezone names:
pref.timezone.Africa.Abidjan=Afrique/Abidjan
pref.timezone.Africa.Accra=Afrique/Accra
pref.timezone.Africa.Addis_Ababa=Afrique/Addis-Abeba
pref.timezone.Africa.Algiers=Afrique/Alger
pref.timezone.Africa.Asmara=Afrique/Asmara
pref.timezone.Africa.Bamako=Afrique/Bamako
pref.timezone.Africa.Bangui=Afrique/Bangui
pref.timezone.Africa.Banjul=Afrique/Banjul
pref.timezone.Africa.Bissau=Afrique/Bissau
pref.timezone.Africa.Blantyre=Afrique/Blantyre
pref.timezone.Africa.Brazzaville=Afrique/Brazzaville
pref.timezone.Africa.Bujumbura=Afrique/Bujumbura
pref.timezone.Africa.Cairo=Afrique/Caire (Le)
pref.timezone.Africa.Casablanca=Afrique/Casablanca
pref.timezone.Africa.Ceuta=Afrique/Ceuta
pref.timezone.Africa.Conakry=Afrique/Conakry
pref.timezone.Africa.Dakar=Afrique/Dakar
pref.timezone.Africa.Dar_es_Salaam=Afrique/Dar es-Salaam
pref.timezone.Africa.Djibouti=Afrique/Djibouti
pref.timezone.Africa.Douala=Afrique/Douala
pref.timezone.Africa.El_Aaiun=Afrique/El Aaiun
pref.timezone.Africa.Freetown=Afrique/Freetown
pref.timezone.Africa.Gaborone=Afrique/Gaborone
pref.timezone.Africa.Harare=Afrique/Harare
pref.timezone.Africa.Johannesburg=Afrique/Johannesbourg
pref.timezone.Africa.Kampala=Afrique/Kampala
pref.timezone.Africa.Khartoum=Afrique/Khartoum
pref.timezone.Africa.Kigali=Afrique/Kigali
pref.timezone.Africa.Kinshasa=Afrique/Kinshasa
pref.timezone.Africa.Lagos=Afrique/Lagos
pref.timezone.Africa.Libreville=Afrique/Libreville
pref.timezone.Africa.Lome=Afrique/Lome
pref.timezone.Africa.Luanda=Afrique/Luanda
pref.timezone.Africa.Lubumbashi=Afrique/Lubumbashi
pref.timezone.Africa.Lusaka=Afrique/Lusaka
pref.timezone.Africa.Malabo=Afrique/Malabo
pref.timezone.Africa.Maputo=Afrique/Maputo
pref.timezone.Africa.Maseru=Afrique/Maseru
pref.timezone.Africa.Mbabane=Afrique/Mbabane
pref.timezone.Africa.Mogadishu=Afrique/Mogadiscio
pref.timezone.Africa.Monrovia=Afrique/Monrovia
pref.timezone.Africa.Nairobi=Afrique/Nairobi
pref.timezone.Africa.Ndjamena=Afrique/Ndjamena
pref.timezone.Africa.Niamey=Afrique/Niamey
pref.timezone.Africa.Nouakchott=Afrique/Nouakchott
pref.timezone.Africa.Ouagadougou=Afrique/Ouagadougou
pref.timezone.Africa.Porto-Novo=Afrique/Porto Novo
pref.timezone.Africa.Sao_Tome=Afrique/Sao Tome
pref.timezone.Africa.Tripoli=Afrique/Tripoli
pref.timezone.Africa.Tunis=Afrique/Tunis
pref.timezone.Africa.Windhoek=Afrique/Windhoek
pref.timezone.America.Adak=Amériques/Adak
pref.timezone.America.Anchorage=Amériques/Anchorage
pref.timezone.America.Anguilla=Amériques/Anguilla
pref.timezone.America.Antigua=Amériques/Antigua
pref.timezone.America.Araguaina=Amériques/Araguaina
pref.timezone.America.Argentina.Buenos_Aires=Amériques/Argentine/Buenos Aires
pref.timezone.America.Argentina.Catamarca=Amériques/Argentine/Catamarca
pref.timezone.America.Argentina.Cordoba=Amériques/Argentine/Cordoba
pref.timezone.America.Argentina.Jujuy=Amériques/Argentine/Jujuy
pref.timezone.America.Argentina.La_Rioja=Amériques/Argentine/La Rioja
pref.timezone.America.Argentina.Mendoza=Amériques/Argentine/Mendoza
pref.timezone.America.Argentina.Rio_Gallegos=Amériques/Argentine/Rio Gallegos
pref.timezone.America.Argentina.San_Juan=Amériques/Argentine/San Juan
pref.timezone.America.Argentina.Tucuman=Amériques/Argentine/Tucuman
pref.timezone.America.Argentina.Ushuaia=Amériques/Argentine/Ushuaia
pref.timezone.America.Aruba=Amériques/Aruba
pref.timezone.America.Asuncion=Amériques/Asuncion
pref.timezone.America.Atikokan=Amériques/Atikokan
pref.timezone.America.Bahia=Amériques/Bahia
pref.timezone.America.Barbados=Amériques/Barbade (La)
pref.timezone.America.Belem=Amériques/Belem
pref.timezone.America.Belize=Amériques/Belize
pref.timezone.America.Blanc-Sablon=Amériques/Blanc-Sablon
pref.timezone.America.Boa_Vista=Amériques/Boa Vista
pref.timezone.America.Bogota=Amériques/Bogota
pref.timezone.America.Boise=Amériques/Boise
pref.timezone.America.Cambridge_Bay=Amériques/Cambridge Bay
pref.timezone.America.Campo_Grande=Amériques/Campo Grande
pref.timezone.America.Cancun=Amériques/Cancun
pref.timezone.America.Caracas=Amériques/Caracas
pref.timezone.America.Cayenne=Amériques/Cayenne
pref.timezone.America.Cayman=Amériques/Caïman (îles)
pref.timezone.America.Chicago=Amériques/Chicago
pref.timezone.America.Chihuahua=Amériques/Chihuahua
pref.timezone.America.Costa_Rica=Amériques/Costa Rica
pref.timezone.America.Cuiaba=Amériques/Cuiaba
pref.timezone.America.Curacao=Amériques/Curacao
pref.timezone.America.Danmarkshavn=Amériques/Danmarkshavn
pref.timezone.America.Dawson=Amériques/Dawson
pref.timezone.America.Dawson_Creek=Amériques/Dawson Creek
pref.timezone.America.Denver=Amériques/Denver
pref.timezone.America.Detroit=Amériques/Detroit
pref.timezone.America.Dominica=Amériques/Dominique (La)
pref.timezone.America.Edmonton=Amériques/Edmonton
pref.timezone.America.Eirunepe=Amériques/Eirunepe
pref.timezone.America.El_Salvador=Amériques/El Salvador
pref.timezone.America.Fortaleza=Amériques/Fortaleza
pref.timezone.America.Glace_Bay=Amériques/Glace Bay
pref.timezone.America.Godthab=Amériques/Godthab
pref.timezone.America.Goose_Bay=Amériques/Goose Bay
pref.timezone.America.Grand_Turk=Amériques/Grand Turk
pref.timezone.America.Grenada=Amériques/Grenade
pref.timezone.America.Guadeloupe=Amériques/Guadeloupe
pref.timezone.America.Guatemala=Amériques/Guatemala
pref.timezone.America.Guayaquil=Amériques/Guayaquil
pref.timezone.America.Guyana=Amériques/Guyana
pref.timezone.America.Halifax=Amériques/Halifax
pref.timezone.America.Havana=Amériques/Havane (La)
pref.timezone.America.Hermosillo=Amériques/Hermosillo
pref.timezone.America.Indiana.Indianapolis=Amériques/Indiana/Indianapolis
pref.timezone.America.Indiana.Knox=Amériques/Indiana/Knox
pref.timezone.America.Indiana.Marengo=Amériques/Indiana/Marengo
pref.timezone.America.Indiana.Petersburg=Amériques/Indiana/Petersburg
pref.timezone.America.Indiana.Vevay=Amériques/Indiana/Vevay
pref.timezone.America.Indiana.Vincennes=Amériques/Indiana/Vincennes
pref.timezone.America.Inuvik=Amériques/Inuvik
pref.timezone.America.Iqaluit=Amériques/Iqaluit
pref.timezone.America.Jamaica=Amériques/Jamaïque
pref.timezone.America.Juneau=Amériques/Juneau
pref.timezone.America.Kentucky.Louisville=Amériques/Kentucky/Louisville
pref.timezone.America.Kentucky.Monticello=Amériques/Kentucky/Monticello
pref.timezone.America.La_Paz=Amériques/La Paz
pref.timezone.America.Lima=Amériques/Lima
pref.timezone.America.Los_Angeles=Amériques/Los Angeles
pref.timezone.America.Maceio=Amériques/Maceio
pref.timezone.America.Managua=Amériques/Managua
pref.timezone.America.Manaus=Amériques/Manaus
pref.timezone.America.Martinique=Amériques/Martinique
pref.timezone.America.Mazatlan=Amériques/Mazatlan
pref.timezone.America.Menominee=Amériques/Menominee
pref.timezone.America.Merida=Amériques/Merida
pref.timezone.America.Mexico_City=Amériques/Mexico City
pref.timezone.America.Miquelon=Amériques/Miquelon
pref.timezone.America.Moncton=Amériques/Moncton
pref.timezone.America.Monterrey=Amériques/Monterrey
pref.timezone.America.Montevideo=Amériques/Montevideo
pref.timezone.America.Montreal=Amériques/Montréal
pref.timezone.America.Montserrat=Amériques/Montserrat
pref.timezone.America.Nassau=Amériques/Nassau
pref.timezone.America.New_York=Amériques/New York
pref.timezone.America.Nipigon=Amériques/Nipigon
pref.timezone.America.Nome=Amériques/Nome
pref.timezone.America.Noronha=Amériques/Noronha
pref.timezone.America.North_Dakota.Center=Amériques/Dakota du Nord/Center
pref.timezone.America.North_Dakota.New_Salem=Amériques/Dakota du Nord/New Salem
pref.timezone.America.Panama=Amériques/Panama
pref.timezone.America.Pangnirtung=Amériques/Pangnirtung
pref.timezone.America.Paramaribo=Amériques/Paramaribo
pref.timezone.America.Phoenix=Amériques/Phoenix
pref.timezone.America.Port-au-Prince=Amériques/Port-au-Prince
pref.timezone.America.Port_of_Spain=Amériques/Port of Spain
pref.timezone.America.Porto_Velho=Amériques/Porto Velho
pref.timezone.America.Puerto_Rico=Amériques/Puerto Rico
pref.timezone.America.Rainy_River=Amériques/Rainy River
pref.timezone.America.Rankin_Inlet=Amériques/Rankin Inlet
pref.timezone.America.Recife=Amériques/Recife
pref.timezone.America.Regina=Amériques/Regina
pref.timezone.America.Rio_Branco=Amériques/Rio Branco
pref.timezone.America.Santiago=Amériques/Santiago
pref.timezone.America.Santo_Domingo=Amériques/Saint Domingue
pref.timezone.America.Sao_Paulo=Amériques/Sao Paulo
pref.timezone.America.Scoresbysund=Amériques/Scoresbysund
pref.timezone.America.Shiprock=Amériques/Shiprock
pref.timezone.America.St_Johns=Amériques/St Johns
pref.timezone.America.St_Kitts=Amériques/St Kitts
pref.timezone.America.St_Lucia=Amériques/Sainte Lucie
pref.timezone.America.St_Thomas=Amériques/St Thomas
pref.timezone.America.St_Vincent=Amériques/St Vincent
pref.timezone.America.Swift_Current=Amériques/Swif Current
pref.timezone.America.Tegucigalpa=Amériques/Tegucigalpa
pref.timezone.America.Thule=Amériques/Thule
pref.timezone.America.Thunder_Bay=Amériques/Thunder Bay
pref.timezone.America.Tijuana=Amériques/Tijuana
pref.timezone.America.Toronto=Amériques/Toronto
pref.timezone.America.Tortola=Amériques/Tortola
pref.timezone.America.Vancouver=Amériques/Vancouver
pref.timezone.America.Whitehorse=Amériques/Whitehorse
pref.timezone.America.Winnipeg=Amériques/Winnipeg
pref.timezone.America.Yakutat=Amériques/Yakutat
pref.timezone.America.Yellowknife=Amériques/Yellowknife
pref.timezone.Antarctica.Casey=Antarctique/Casey
pref.timezone.Antarctica.Davis=Antarctique/Davis
pref.timezone.Antarctica.DumontDUrville=Antarctique/Dumont d’Urville
pref.timezone.Antarctica.Mawson=Antarctique/Mawson
pref.timezone.Antarctica.McMurdo=Antarctique/McMurdo
pref.timezone.Antarctica.Palmer=Antarctique/Palmer
pref.timezone.Antarctica.Rothera=Antarctique/Rothera
pref.timezone.Antarctica.South_Pole=Antarctique/Pôle Sud
pref.timezone.Antarctica.Syowa=Antarctique/Syowa
pref.timezone.Antarctica.Vostok=Antarctique/Vostok
pref.timezone.Arctic.Longyearbyen=Arctique/Longyearbyen
pref.timezone.Asia.Aden=Asie/Aden
pref.timezone.Asia.Almaty=Asie/Almaty
pref.timezone.Asia.Amman=Asie/Amman
pref.timezone.Asia.Anadyr=Asie/Anadyr
pref.timezone.Asia.Aqtau=Asie/Aqtau
pref.timezone.Asia.Aqtobe=Asie/Aqtobe
pref.timezone.Asia.Ashgabat=Asie/Ashgabat
pref.timezone.Asia.Baghdad=Asie/Bagdad
pref.timezone.Asia.Bahrain=Asie/Bahreïn
pref.timezone.Asia.Baku=Asie/Bakou
pref.timezone.Asia.Bangkok=Asie/Bangkok
pref.timezone.Asia.Beirut=Asie/Beyrouth
pref.timezone.Asia.Bishkek=Asie/Bishkek
pref.timezone.Asia.Brunei=Asie/Brunei
pref.timezone.Asia.Choibalsan=Asie/Choibalsan
pref.timezone.Asia.Chongqing=Asie/Chongqing
pref.timezone.Asia.Colombo=Asie/Colombo
pref.timezone.Asia.Damascus=Asie/Damas
pref.timezone.Asia.Dhaka=Asie/Dhaka
pref.timezone.Asia.Dili=Asie/Dili
pref.timezone.Asia.Dubai=Asie/Dubaï
pref.timezone.Asia.Dushanbe=Asie/Dushanbe
pref.timezone.Asia.Gaza=Asie/Gaza
pref.timezone.Asia.Harbin=Asie/Harbin
pref.timezone.Asia.Hong_Kong=Asie/Hong Kong
pref.timezone.Asia.Hovd=Asie/Hovd
pref.timezone.Asia.Irkutsk=Asie/Irkutsk
pref.timezone.Asia.Istanbul=Asie/Istanboul
pref.timezone.Asia.Jakarta=Asie/Jakarta
pref.timezone.Asia.Jayapura=Asie/Jayapura
pref.timezone.Asia.Jerusalem=Asie/Jerusalem
pref.timezone.Asia.Kabul=Asie/Kaboul
pref.timezone.Asia.Kamchatka=Asie/Kamchatka
pref.timezone.Asia.Karachi=Asie/Karachi
pref.timezone.Asia.Kashgar=Asie/Kashgar
pref.timezone.Asia.Kathmandu=Asie/Katmandou
pref.timezone.Asia.Krasnoyarsk=Asie/Krasnoyarsk
pref.timezone.Asia.Kuala_Lumpur=Asie/Kuala Lumpur
pref.timezone.Asia.Kuching=Asie/Kuching
pref.timezone.Asia.Kuwait=Asie/Koweït
pref.timezone.Asia.Macau=Asie/Macao
pref.timezone.Asia.Magadan=Asie/Magadan
pref.timezone.Asia.Makassar=Asie/Makassar
pref.timezone.Asia.Manila=Asie/Manille
pref.timezone.Asia.Muscat=Asie/Muscat
pref.timezone.Asia.Nicosia=Asie/Nicosie
pref.timezone.Asia.Novosibirsk=Asie/Novosibirsk
pref.timezone.Asia.Omsk=Asie/Omsk
pref.timezone.Asia.Oral=Asie/Oral
pref.timezone.Asia.Phnom_Penh=Asie/Phnom Penh
pref.timezone.Asia.Pontianak=Asie/Pontianak
pref.timezone.Asia.Pyongyang=Asie/Pyongyang
pref.timezone.Asia.Qatar=Asie/Qatar
pref.timezone.Asia.Qyzylorda=Asie/Qyzylorda
pref.timezone.Asia.Rangoon=Asie/Rangoon
pref.timezone.Asia.Riyadh=Asie/Riyadh
pref.timezone.Asia.Sakhalin=Asie/Sakhaline
pref.timezone.Asia.Samarkand=Asie/Samarcande
pref.timezone.Asia.Seoul=Asie/Séoul
pref.timezone.Asia.Shanghai=Asie/Shanghaï
pref.timezone.Asia.Singapore=Asie/Singapour
pref.timezone.Asia.Taipei=Asie/Taïpei
pref.timezone.Asia.Tashkent=Asie/Tashkent
pref.timezone.Asia.Tbilisi=Asie/Tbilisi
pref.timezone.Asia.Tehran=Asie/Téhéran
pref.timezone.Asia.Thimphu=Asie/Thimphu
pref.timezone.Asia.Tokyo=Asie/Tokyo
pref.timezone.Asia.Ulaanbaatar=Asie/Oulan Bator
pref.timezone.Asia.Urumqi=Asie/Urumqi
pref.timezone.Asia.Vientiane=Asie/Vientiane
pref.timezone.Asia.Vladivostok=Asie/Vladivostok
pref.timezone.Asia.Yakutsk=Asie/Yakutsk
pref.timezone.Asia.Yekaterinburg=Asie/Yekaterinburg
pref.timezone.Asia.Yerevan=Asie/Yerevan
pref.timezone.Atlantic.Azores=Atlantique/Açores
pref.timezone.Atlantic.Bermuda=Atlantique/Bermudes
pref.timezone.Atlantic.Canary=Atlantique/Canaries
pref.timezone.Atlantic.Cape_Verde=Atlantique/Cap Vert
pref.timezone.Atlantic.Faroe=Atlantique/Feroe
pref.timezone.Atlantic.Madeira=Atlantique/Madère
pref.timezone.Atlantic.Reykjavik=Atlantique/Reykjavik
pref.timezone.Atlantic.South_Georgia=Atlantique/Géorgie du Sud
pref.timezone.Atlantic.St_Helena=Atlantique/Sainte Hélène
pref.timezone.Atlantic.Stanley=Atlantique/Stanley
pref.timezone.Australia.Adelaide=Australie/Adélaïde
pref.timezone.Australia.Brisbane=Australie/Brisbane
pref.timezone.Australia.Broken_Hill=Australie/Broken Hill
pref.timezone.Australia.Currie=Australie/Currie
pref.timezone.Australia.Darwin=Australie/Darwin
pref.timezone.Australia.Eucla=Australie/Eucla
pref.timezone.Australia.Hobart=Australie/Hobart
pref.timezone.Australia.Lindeman=Australie/Lindeman
pref.timezone.Australia.Lord_Howe=Australie/Lord Howe
pref.timezone.Australia.Melbourne=Australie/Melbourne
pref.timezone.Australia.Perth=Australie/Perth
pref.timezone.Australia.Sydney=Australie/Sydney
pref.timezone.Europe.Amsterdam=Europe/Amsterdam
pref.timezone.Europe.Andorra=Europe/Andorre
pref.timezone.Europe.Athens=Europe/Athènes
pref.timezone.Europe.Belgrade=Europe/Belgrade
pref.timezone.Europe.Berlin=Europe/Berlin
pref.timezone.Europe.Bratislava=Europe/Bratislava
pref.timezone.Europe.Brussels=Europe/Bruxelles
pref.timezone.Europe.Bucharest=Europe/Bucarest
pref.timezone.Europe.Budapest=Europe/Budapest
pref.timezone.Europe.Chisinau=Europe/Chisinau
pref.timezone.Europe.Copenhagen=Europe/Copenhague
pref.timezone.Europe.Dublin=Europe/Dublin
pref.timezone.Europe.Gibraltar=Europe/Gibraltar
pref.timezone.Europe.Guernsey=Europe/Guernesey
pref.timezone.Europe.Helsinki=Europe/Helsinki
pref.timezone.Europe.Isle_of_Man=Europe/Man (île de)
pref.timezone.Europe.Istanbul=Europe/Istanboul
pref.timezone.Europe.Jersey=Europe/Jersey
pref.timezone.Europe.Kaliningrad=Europe/Kaliningrad
pref.timezone.Europe.Kiev=Europe/Kiev
pref.timezone.Europe.Lisbon=Europe/Lisbonne
pref.timezone.Europe.Ljubljana=Europe/Ljubljana
pref.timezone.Europe.London=Europe/Londres
pref.timezone.Europe.Luxembourg=Europe/Luxembourg
pref.timezone.Europe.Madrid=Europe/Madrid
pref.timezone.Europe.Malta=Europe/Malte
pref.timezone.Europe.Mariehamn=Europe/Mariehamn
pref.timezone.Europe.Minsk=Europe/Minsk
pref.timezone.Europe.Monaco=Europe/Monaco
pref.timezone.Europe.Moscow=Europe/Moscou
pref.timezone.Europe.Nicosia=Europe/Nicosie
pref.timezone.Europe.Oslo=Europe/Oslo
pref.timezone.Europe.Paris=Europe/Paris
pref.timezone.Europe.Podgorica=Europe/Podgorica
pref.timezone.Europe.Prague=Europe/Prague
pref.timezone.Europe.Riga=Europe/Riga
pref.timezone.Europe.Rome=Europe/Rome
pref.timezone.Europe.Samara=Europe/Samara
pref.timezone.Europe.San_Marino=Europe/San Marin
pref.timezone.Europe.Sarajevo=Europe/Sarajevo
pref.timezone.Europe.Simferopol=Europe/Simferopol
pref.timezone.Europe.Skopje=Europe/Skopje
pref.timezone.Europe.Sofia=Europe/Sofia
pref.timezone.Europe.Stockholm=Europe/Stockholm
pref.timezone.Europe.Tallinn=Europe/Tallinn
pref.timezone.Europe.Tirane=Europe/Tirane
pref.timezone.Europe.Uzhgorod=Europe/Uzhgorod
pref.timezone.Europe.Vaduz=Europe/Vaduz
pref.timezone.Europe.Vatican=Europe/Vatican
pref.timezone.Europe.Vienna=Europe/Vienne
pref.timezone.Europe.Vilnius=Europe/Vilnius
pref.timezone.Europe.Volgograd=Europe/Volgograd
pref.timezone.Europe.Warsaw=Europe/Varsovie
pref.timezone.Europe.Zagreb=Europe/Zagreb
pref.timezone.Europe.Zaporozhye=Europe/Zaporozhye
pref.timezone.Europe.Zurich=Europe/Zurich
pref.timezone.Indian.Antananarivo=Océan Indien/Antananarivo
pref.timezone.Indian.Chagos=Océan Indien/Chagos
pref.timezone.Indian.Christmas=Océan Indien/Christmas
pref.timezone.Indian.Cocos=Océan Indien/Cocos
pref.timezone.Indian.Comoro=Océan Indien/Comores (Les)
pref.timezone.Indian.Kerguelen=Océan Indien/Kerguelen
pref.timezone.Indian.Mahe=Océan Indien/Mahe
pref.timezone.Indian.Maldives=Océan Indien/Maldives (Les)
pref.timezone.Indian.Mauritius=Océan Indien/Maurice (île)
pref.timezone.Indian.Mayotte=Océan Indien/Mayotte
pref.timezone.Indian.Reunion=Océan Indien/Réunion (La)
pref.timezone.Pacific.Apia=Pacifique/Apia
pref.timezone.Pacific.Auckland=Pacifique/Auckland
pref.timezone.Pacific.Chatham=Pacifique/Chatham
pref.timezone.Pacific.Easter=Pacifique/Easter
pref.timezone.Pacific.Efate=Pacifique/Efate
pref.timezone.Pacific.Enderbury=Pacifique/Enderbury
pref.timezone.Pacific.Fakaofo=Pacifique/Fakaofo
pref.timezone.Pacific.Fiji=Pacifique/Fiji
pref.timezone.Pacific.Funafuti=Pacifique/Funafuti
pref.timezone.Pacific.Galapagos=Pacifique/Galapagos
pref.timezone.Pacific.Gambier=Pacifique/Gambier
pref.timezone.Pacific.Guadalcanal=Pacifique/Guadalcanal
pref.timezone.Pacific.Guam=Pacifique/Guam
pref.timezone.Pacific.Honolulu=Pacifique/Honolulu
pref.timezone.Pacific.Johnston=Pacifique/Johnston
pref.timezone.Pacific.Kiritimati=Pacifique/Kiritimati
pref.timezone.Pacific.Kosrae=Pacifique/Kosrae
pref.timezone.Pacific.Kwajalein=Pacifique/Kwajalein
pref.timezone.Pacific.Majuro=Pacifique/Majuro
pref.timezone.Pacific.Marquesas=Pacifique/Marquesas
pref.timezone.Pacific.Midway=Pacifique/Midway
pref.timezone.Pacific.Nauru=Pacifique/Nauru
pref.timezone.Pacific.Niue=Pacifique/Niue
pref.timezone.Pacific.Norfolk=Pacifique/Norfolk
pref.timezone.Pacific.Noumea=Pacifique/Noumea
pref.timezone.Pacific.Pago_Pago=Pacifique/Pago Pago
pref.timezone.Pacific.Palau=Pacifique/Palau
pref.timezone.Pacific.Pitcairn=Pacifique/Pitcairn
pref.timezone.Pacific.Ponape=Pacifique/Ponape
pref.timezone.Pacific.Port_Moresby=Pacifique/Port Moresby
pref.timezone.Pacific.Rarotonga=Pacifique/Rarotonga
pref.timezone.Pacific.Saipan=Pacifique/Saipan
pref.timezone.Pacific.Tahiti=Pacifique/Tahiti
pref.timezone.Pacific.Tarawa=Pacifique/Tarawa
pref.timezone.Pacific.Tongatapu=Pacifique/Tongatapu
pref.timezone.Pacific.Truk=Pacifique/Truk
pref.timezone.Pacific.Wake=Pacifique/Wake
pref.timezone.Pacific.Wallis=Pacifique/Wallis

# the following have been missing
pref.timezone.America.Indiana.Tell_City=Amériques/Indiana/Tell City
pref.timezone.America.Indiana.Winamac=Amériques/Indiana/Winamac
pref.timezone.America.Marigot=Amériques/Marigot
pref.timezone.America.Resolute=Amériques/Resolute
pref.timezone.America.St_Barthelemy=Amériques/Saint Barthélémy

# added with 2008d:
pref.timezone.America.Argentina.San_Luis=Amériques/Argentine/San Luis
pref.timezone.America.Santarem=Amériques/Santarem
pref.timezone.Asia.Ho_Chi_Minh=Asie/Hô-Chi-Minh-Ville
pref.timezone.Asia.Kolkata=Asie/Calcutta

# added with 2008i:
pref.timezone.America.Argentina.Salta=Amériques/Argentine/Salta

# added with 2010i
pref.timezone.America.Matamoros=Amériques/Matamoros
pref.timezone.America.Ojinaga=Amériques/Ojinaga
pref.timezone.America.Santa_Isabel=Amériques/Santa Isabel
pref.timezone.Antarctica.Macquarie=Antarctique/Macquarie
pref.timezone.Asia.Novokuznetsk=Asie/Novokouznetsk

#added with 2011b
pref.timezone.America.Bahia_Banderas=Amériques/Bahia Banderas
pref.timezone.America.North_Dakota.Beulah=Amériques/Dakota du Nord/Beulah
pref.timezone.Pacific.Chuuk=Pacifique/Chuuk
pref.timezone.Pacific.Pohnpei=Pacifique/Pohnpei

#added with 2011n
pref.timezone.Africa.Juba=Afrique/Djouba
pref.timezone.America.Kralendijk=Amériques/Kralendijk
pref.timezone.America.Lower_Princes=Amériques/Lower Princes
pref.timezone.America.Metlakatla=Amériques/Metlakatla
pref.timezone.America.Sitka=Amériques/Sitka
pref.timezone.Asia.Hebron=Asie/Hébron

#added with 2013a
pref.timezone.America.Creston=Amériques/Creston
pref.timezone.Asia.Khandyga=Asie/Khandyga
pref.timezone.Asia.Ust-Nera=Asie/Ust-Nera
pref.timezone.Europe.Busingen=Europe/Busingen

#added with 2014b
pref.timezone.Antarctica.Troll=Antarctique/Troll

#added with 2014j
pref.timezone.Asia.Chita=Asie/Chita
pref.timezone.Asia.Srednekolymsk=Asie/Srednekolymsk
pref.timezone.Pacific.Bougainville=Pacifique/Bougainville

#added with 2.2015g
pref.timezone.America.Fort_Nelson=Amériques/Fort Nelson

#added with 2.2016b
pref.timezone.Europe.Ulyanovsk=Europe/Ulyanovsk
pref.timezone.Europe.Astrakhan=Europe/Astrakhan
pref.timezone.Asia.Barnaul=Asie/Barnaul

#added with 2.2016i
pref.timezone.Asia.Yangon=Asie/Yangon
pref.timezone.Asia.Tomsk=Asie/Tomsk
pref.timezone.Asia.Famagusta=Asie/Famagusta
pref.timezone.Europe.Kirov=Europe/Kirov

#added with 2.2016j
pref.timezone.Europe.Saratov=Europe/Saratov
pref.timezone.Asia.Atyrau=Asie/Atyrau

#added with 2.2017b
pref.timezone.America.Punta_Arenas=Amériques/Punta Arenas

#added with 2.2018i
pref.timezone.Asia.Qostanay=Asie/Kostanaï

#added with 2.2020a
pref.timezone.America.Nuuk=Amériques/Nuuk

#added with 2.2021c
pref.timezone.Pacific.Kanton=Pacifique/Canton
