# This Source Code Form is subject to the terms of the Mozilla Public
# License, v. 2.0. If a copy of the MPL was not distributed with this
# file, You can obtain one at http://mozilla.org/MPL/2.0/.

# extension:
extensions.calendar-timezones@mozilla.org.name=Mozilla Calendar-en ordu-zonalde definizioak
extensions.calendar-timezones@mozilla.org.description=Lightning-en ordu-zonalde definizioak
extensions.calendar-timezones@mozilla.org.creator=Mozilla Calendar proiektua

pref.timezone.floating=Ordu lokala
pref.timezone.UTC=UTC/GMT

# I've derived this list out of timezones.dtd
# - replaced '_' with ' ' on value side
# - corrected 'St xyz' to 'St. xyz'

# timezone names:
pref.timezone.Africa.Abidjan=Afrika/Abidjan
pref.timezone.Africa.Accra=Afrika/Akkra
pref.timezone.Africa.Addis_Ababa=Afrika/Addis Ababa
pref.timezone.Africa.Algiers=Afrika/Algiers
pref.timezone.Africa.Asmara=Afrika/Asmara
pref.timezone.Africa.Bamako=Afrika/Bamako
pref.timezone.Africa.Bangui=Afrika/Bangi
pref.timezone.Africa.Banjul=Afrika/Banjul
pref.timezone.Africa.Bissau=Afrika/Bissau
pref.timezone.Africa.Blantyre=Afrika/Blantyre
pref.timezone.Africa.Brazzaville=Afrika/Brazzaville
pref.timezone.Africa.Bujumbura=Afrika/Bujumbura
pref.timezone.Africa.Cairo=Afrika/Kairo
pref.timezone.Africa.Casablanca=Afrika/Casablanca
pref.timezone.Africa.Ceuta=Afrika/Ceuta
pref.timezone.Africa.Conakry=Afrika/Konakry
pref.timezone.Africa.Dakar=Afrika/Dakar
pref.timezone.Africa.Dar_es_Salaam=Afrika/Dar es Salaam
pref.timezone.Africa.Djibouti=Afrika/Djibuti
pref.timezone.Africa.Douala=Afrika/Duala
pref.timezone.Africa.El_Aaiun=Afrika/El Aaiun
pref.timezone.Africa.Freetown=Afrika/Freetown
pref.timezone.Africa.Gaborone=Afrika/Gaborone
pref.timezone.Africa.Harare=Afrika/Harare
pref.timezone.Africa.Johannesburg=Afrika/Johannesburg
pref.timezone.Africa.Kampala=Afrika/Kampala
pref.timezone.Africa.Khartoum=Afrika/Khartum
pref.timezone.Africa.Kigali=Afrika/Kigali
pref.timezone.Africa.Kinshasa=Afrika/Kinshasa
pref.timezone.Africa.Lagos=Afrika/Lagos
pref.timezone.Africa.Libreville=Afrika/Libreville
pref.timezone.Africa.Lome=Afrika/Lome
pref.timezone.Africa.Luanda=Afrika/Luanda
pref.timezone.Africa.Lubumbashi=Afrika/Lubumbashi
pref.timezone.Africa.Lusaka=Afrika/Lusaka
pref.timezone.Africa.Malabo=Afrika/Malabo
pref.timezone.Africa.Maputo=Afrika/Maputo
pref.timezone.Africa.Maseru=Afrika/Maseru
pref.timezone.Africa.Mbabane=Afrika/Mbabane
pref.timezone.Africa.Mogadishu=Afrika/Muqdisho
pref.timezone.Africa.Monrovia=Afrika/Monrovia
pref.timezone.Africa.Nairobi=Afrika/Nairobi
pref.timezone.Africa.Ndjamena=Afrika/Ndjamena
pref.timezone.Africa.Niamey=Afrika/Niamei
pref.timezone.Africa.Nouakchott=Afrika/Nuakchot
pref.timezone.Africa.Ouagadougou=Afrika/Uagadugu
pref.timezone.Africa.Porto-Novo=Afrika/Porto-Novo
pref.timezone.Africa.Sao_Tome=Afrika/Sao Tome
pref.timezone.Africa.Tripoli=Afrika/Tripoli
pref.timezone.Africa.Tunis=Afrika/Tunis
pref.timezone.Africa.Windhoek=Afrika/Windhoek
pref.timezone.America.Adak=Amerika/Adak
pref.timezone.America.Anchorage=Amerika/Anchorage
pref.timezone.America.Anguilla=Amerika/Anguilla
pref.timezone.America.Antigua=Amerika/Antigua
pref.timezone.America.Araguaina=Amerika/Araguaina
pref.timezone.America.Argentina.Buenos_Aires=Amerika/Argentina/Buenos Aires
pref.timezone.America.Argentina.Catamarca=Amerika/Argentina/Catamarca
pref.timezone.America.Argentina.Cordoba=Amerika/Argentina/Cordoba
pref.timezone.America.Argentina.Jujuy=Amerika/Argentina/Jujuy
pref.timezone.America.Argentina.La_Rioja=Amerika/Argentina/La Rioja
pref.timezone.America.Argentina.Mendoza=Amerika/Argentina/Mendoza
pref.timezone.America.Argentina.Rio_Gallegos=Amerika/Argentina/Rio Gallegos
pref.timezone.America.Argentina.San_Juan=Amerika/Argentina/San Juan
pref.timezone.America.Argentina.Tucuman=Amerika/Argentina/Tucuman
pref.timezone.America.Argentina.Ushuaia=Amerika/Argentina/Ushuaia
pref.timezone.America.Aruba=Amerika/Aruba
pref.timezone.America.Asuncion=Amerika/Asuncion
pref.timezone.America.Atikokan=Amerika/Atikokan
pref.timezone.America.Bahia=Amerika/Bahia
pref.timezone.America.Barbados=Amerika/Barbados
pref.timezone.America.Belem=Amerika/Belem
pref.timezone.America.Belize=Amerika/Belize
pref.timezone.America.Blanc-Sablon=Amerika/Blanc-Sablon
pref.timezone.America.Boa_Vista=Amerika/Boa Vista
pref.timezone.America.Bogota=Amerika/Bogota
pref.timezone.America.Boise=Amerika/Boise
pref.timezone.America.Cambridge_Bay=Amerika/Cambridge Bay
pref.timezone.America.Campo_Grande=Amerika/Campo Grande
pref.timezone.America.Cancun=Amerika/Cancun
pref.timezone.America.Caracas=Amerika/Caracas
pref.timezone.America.Cayenne=Amerika/Cayenne
pref.timezone.America.Cayman=Amerika/Cayman
pref.timezone.America.Chicago=Amerika/Chicago
pref.timezone.America.Chihuahua=Amerika/Chihuahua
pref.timezone.America.Costa_Rica=Amerika/Costa Rica
pref.timezone.America.Cuiaba=Amerika/Cuiaba
pref.timezone.America.Curacao=Amerika/Curacao
pref.timezone.America.Danmarkshavn=Amerika/Danmarkshavn
pref.timezone.America.Dawson=Amerika/Dawson
pref.timezone.America.Dawson_Creek=Amerika/Dawson Creek
pref.timezone.America.Denver=Amerika/Denver
pref.timezone.America.Detroit=Amerika/Detroit
pref.timezone.America.Dominica=Amerika/Dominica
pref.timezone.America.Edmonton=Amerika/Edmonton
pref.timezone.America.Eirunepe=Amerika/Eirunepe
pref.timezone.America.El_Salvador=Amerika/El Salvador
pref.timezone.America.Fortaleza=Amerika/Fortaleza
pref.timezone.America.Glace_Bay=Amerika/Glace Bay
pref.timezone.America.Godthab=Amerika/Godthab
pref.timezone.America.Goose_Bay=Amerika/Goose Bay
pref.timezone.America.Grand_Turk=Amerika/Grand Turk
pref.timezone.America.Grenada=Amerika/Grenada
pref.timezone.America.Guadeloupe=Amerika/Guadalupe
pref.timezone.America.Guatemala=Amerika/Guatemala
pref.timezone.America.Guayaquil=Amerika/Guayaquil
pref.timezone.America.Guyana=Amerika/Guyana
pref.timezone.America.Halifax=Amerika/Halifax
pref.timezone.America.Havana=Amerika/Habana
pref.timezone.America.Hermosillo=Amerika/Hermosillo
pref.timezone.America.Indiana.Indianapolis=Amerika/Indiana/Indianapolis
pref.timezone.America.Indiana.Knox=Amerika/Indiana/Knox
pref.timezone.America.Indiana.Marengo=Amerika/Indiana/Marengo
pref.timezone.America.Indiana.Petersburg=Amerika/Indiana/Petersburg
pref.timezone.America.Indiana.Vevay=Amerika/Indiana/Vevay
pref.timezone.America.Indiana.Vincennes=Amerika/Indiana/Vincennes
pref.timezone.America.Inuvik=Amerika/Inuvik
pref.timezone.America.Iqaluit=Amerika/Iqaluit
pref.timezone.America.Jamaica=Amerika/Jamaika
pref.timezone.America.Juneau=Amerika/Juneau
pref.timezone.America.Kentucky.Louisville=Amerika/Kentucky/Louisville
pref.timezone.America.Kentucky.Monticello=Amerika/Kentucky/Monticello
pref.timezone.America.La_Paz=Amerika/La Paz
pref.timezone.America.Lima=Amerika/Lima
pref.timezone.America.Los_Angeles=Amerika/Los Angeles
pref.timezone.America.Maceio=Amerika/Maceio
pref.timezone.America.Managua=Amerika/Managua
pref.timezone.America.Manaus=Amerika/Manaus
pref.timezone.America.Martinique=Amerika/Martinika
pref.timezone.America.Mazatlan=Amerika/Mazatlan
pref.timezone.America.Menominee=Amerika/Menominee
pref.timezone.America.Merida=Amerika/Merida
pref.timezone.America.Mexico_City=Amerika/Mexico City
pref.timezone.America.Miquelon=Amerika/Mikelune
pref.timezone.America.Moncton=Amerika/Moncton
pref.timezone.America.Monterrey=Amerika/Monterrey
pref.timezone.America.Montevideo=Amerika/Montevideo
pref.timezone.America.Montreal=Amerika/Montreal
pref.timezone.America.Montserrat=Amerika/Montserrat
pref.timezone.America.Nassau=Amerika/Nassau
pref.timezone.America.New_York=Amerika/New York
pref.timezone.America.Nipigon=Amerika/Nipigon
pref.timezone.America.Nome=Amerika/Nome
pref.timezone.America.Noronha=Amerika/Noronha
pref.timezone.America.North_Dakota.Center=Amerika/North Dakota/Center
pref.timezone.America.North_Dakota.New_Salem=Amerika/North Dakota/New Salem
pref.timezone.America.Panama=Amerika/Panama
pref.timezone.America.Pangnirtung=Amerika/Pangnirtung
pref.timezone.America.Paramaribo=Amerika/Paramaribo
pref.timezone.America.Phoenix=Amerika/Phoenix
pref.timezone.America.Port-au-Prince=Amerika/Port-au-Prince
pref.timezone.America.Port_of_Spain=Amerika/Port of Spain
pref.timezone.America.Porto_Velho=Amerika/Porto Velho
pref.timezone.America.Puerto_Rico=Amerika/Puerto Rico
pref.timezone.America.Rainy_River=Amerika/Rainy River
pref.timezone.America.Rankin_Inlet=Amerika/Rankin Inlet
pref.timezone.America.Recife=Amerika/Recife
pref.timezone.America.Regina=Amerika/Regina
pref.timezone.America.Rio_Branco=Amerika/Rio Branco
pref.timezone.America.Santiago=Amerika/Santiago
pref.timezone.America.Santo_Domingo=Amerika/Santo Domingo
pref.timezone.America.Sao_Paulo=Amerika/Sao Paulo
pref.timezone.America.Scoresbysund=Amerika/Scoresbysund
pref.timezone.America.Shiprock=Amerika/Shiprock
pref.timezone.America.St_Johns=Amerika/St. Johns
pref.timezone.America.St_Kitts=Amerika/St. Kitts
pref.timezone.America.St_Lucia=Amerika/St. Lucia
pref.timezone.America.St_Thomas=Amerika/St. Thomas
pref.timezone.America.St_Vincent=Amerika/St. Vincent
pref.timezone.America.Swift_Current=Amerika/Swift Current
pref.timezone.America.Tegucigalpa=Amerika/Tegucigalpa
pref.timezone.America.Thule=Amerika/Thule
pref.timezone.America.Thunder_Bay=Amerika/Thunder Bay
pref.timezone.America.Tijuana=Amerika/Tijuana
pref.timezone.America.Toronto=Amerika/Toronto
pref.timezone.America.Tortola=Amerika/Tortola
pref.timezone.America.Vancouver=Amerika/Vancouver
pref.timezone.America.Whitehorse=Amerika/Whitehorse
pref.timezone.America.Winnipeg=Amerika/Winnipeg
pref.timezone.America.Yakutat=Amerika/Yakutat
pref.timezone.America.Yellowknife=Amerika/Yellowknife
pref.timezone.Antarctica.Casey=Antartika/Casey
pref.timezone.Antarctica.Davis=Antartika/Davis
pref.timezone.Antarctica.DumontDUrville=Antartika/DumontDUrville
pref.timezone.Antarctica.Mawson=Antartika/Mawson
pref.timezone.Antarctica.McMurdo=Antartika/McMurdo
pref.timezone.Antarctica.Palmer=Antartika/Palmer
pref.timezone.Antarctica.Rothera=Antartika/Rothera
pref.timezone.Antarctica.South_Pole=Antartikoa/Hego poloa
pref.timezone.Antarctica.Syowa=Antartika/Syowa
pref.timezone.Antarctica.Vostok=Antartika/Vostok
pref.timezone.Arctic.Longyearbyen=Artikoa/Longyearbyen
pref.timezone.Asia.Aden=Asia/Aden
pref.timezone.Asia.Almaty=Asia/Almaty
pref.timezone.Asia.Amman=Asia/Amman
pref.timezone.Asia.Anadyr=Asia/Anadir
pref.timezone.Asia.Aqtau=Asia/Aqtau
pref.timezone.Asia.Aqtobe=Asia/Aqtobe
pref.timezone.Asia.Ashgabat=Asia/Ashgabat
pref.timezone.Asia.Baghdad=Asia/Bagdad
pref.timezone.Asia.Bahrain=Asia/Bahrain
pref.timezone.Asia.Baku=Asia/Baku
pref.timezone.Asia.Bangkok=Asia/Bangkok
pref.timezone.Asia.Beirut=Asia/Beirut
pref.timezone.Asia.Bishkek=Asia/Bishkek
pref.timezone.Asia.Brunei=Asia/Brunei
pref.timezone.Asia.Choibalsan=Asia/Choibalsan
pref.timezone.Asia.Chongqing=Asia/Chongqing
pref.timezone.Asia.Colombo=Asia/Kolonbo
pref.timezone.Asia.Damascus=Asia/Damasko
pref.timezone.Asia.Dhaka=Asia/Dhaka
pref.timezone.Asia.Dili=Asia/Dili
pref.timezone.Asia.Dubai=Asia/Dubai
pref.timezone.Asia.Dushanbe=Asia/Dushanbe
pref.timezone.Asia.Gaza=Asia/Gaza
pref.timezone.Asia.Harbin=Asia/Harbin
pref.timezone.Asia.Hong_Kong=Asia/Hong Kong
pref.timezone.Asia.Hovd=Asia/Kobdo
pref.timezone.Asia.Irkutsk=Asia/Irkutsk
pref.timezone.Asia.Istanbul=Asia/Istanbul
pref.timezone.Asia.Jakarta=Asia/Jakarta
pref.timezone.Asia.Jayapura=Asia/Jayapura
pref.timezone.Asia.Jerusalem=Asia/Jerusalem
pref.timezone.Asia.Kabul=Asia/Kabul
pref.timezone.Asia.Kamchatka=Asia/Kamtxatka
pref.timezone.Asia.Karachi=Asia/Karatxi
pref.timezone.Asia.Kashgar=Asia/Kashgar
pref.timezone.Asia.Kathmandu=Asia/Kathmandu
pref.timezone.Asia.Krasnoyarsk=Asia/Krasnoiarsk
pref.timezone.Asia.Kuala_Lumpur=Asia/Kuala Lumpur
pref.timezone.Asia.Kuching=Asia/Kuching
pref.timezone.Asia.Kuwait=Asia/Kuwait
pref.timezone.Asia.Macau=Asia/Macau
pref.timezone.Asia.Magadan=Asia/Magadan
pref.timezone.Asia.Makassar=Asia/Makassar
pref.timezone.Asia.Manila=Asia/Manila
pref.timezone.Asia.Muscat=Asia/Maskat
pref.timezone.Asia.Nicosia=Asia/Nikosia
pref.timezone.Asia.Novosibirsk=Asia/Novosibirsk
pref.timezone.Asia.Omsk=Asia/Omsk
pref.timezone.Asia.Oral=Asia/Oral
pref.timezone.Asia.Phnom_Penh=Asia/Phnom Penh
pref.timezone.Asia.Pontianak=Asia/Pontianak
pref.timezone.Asia.Pyongyang=Asia/Pyongyang
pref.timezone.Asia.Qatar=Asia/Qatar
pref.timezone.Asia.Qyzylorda=Asia/Qyzylorda
pref.timezone.Asia.Rangoon=Asia/Rangun
pref.timezone.Asia.Riyadh=Asia/Riad
pref.timezone.Asia.Sakhalin=Asia/Sakhalin
pref.timezone.Asia.Samarkand=Asia/Samarkanda
pref.timezone.Asia.Seoul=Asia/Seul
pref.timezone.Asia.Shanghai=Asia/Xangai
pref.timezone.Asia.Singapore=Asia/Singapur
pref.timezone.Asia.Taipei=Asia/Taipei
pref.timezone.Asia.Tashkent=Asia/Tashkent
pref.timezone.Asia.Tbilisi=Asia/Tbilisi
pref.timezone.Asia.Tehran=Asia/Teheran
pref.timezone.Asia.Thimphu=Asia/Thimphu
pref.timezone.Asia.Tokyo=Asia/Tokio
pref.timezone.Asia.Ulaanbaatar=Asia/Ulan Bator
pref.timezone.Asia.Urumqi=Asia/Urumtsi
pref.timezone.Asia.Vientiane=Asia/Vientian
pref.timezone.Asia.Vladivostok=Asia/Vladivostok
pref.timezone.Asia.Yakutsk=Asia/Jakutsk
pref.timezone.Asia.Yekaterinburg=Asia/Yekaterinburg
pref.timezone.Asia.Yerevan=Asia/Erevan
pref.timezone.Atlantic.Azores=Atlantikoa/Azoreak
pref.timezone.Atlantic.Bermuda=Atlantikoa/Bermuda
pref.timezone.Atlantic.Canary=Atlantikoa/Kanariak
pref.timezone.Atlantic.Cape_Verde=Atlantikoa/Cape Verde
pref.timezone.Atlantic.Faroe=Atlantikoa/Faroe
pref.timezone.Atlantic.Madeira=Atlantikoa/Madeira
pref.timezone.Atlantic.Reykjavik=Atlantikoa/Reykjavik
pref.timezone.Atlantic.South_Georgia=Atlantikoa/Hego Georgia
pref.timezone.Atlantic.St_Helena=Atlantikoa/St. Helena
pref.timezone.Atlantic.Stanley=Atlantikoa/Stanley
pref.timezone.Australia.Adelaide=Australia/Adelaide
pref.timezone.Australia.Brisbane=Australia/Brisbane
pref.timezone.Australia.Broken_Hill=Australia/Broken Hill
pref.timezone.Australia.Currie=Australia/Currie
pref.timezone.Australia.Darwin=Australia/Darwin
pref.timezone.Australia.Eucla=Australia/Eucla
pref.timezone.Australia.Hobart=Australia/Hobart
pref.timezone.Australia.Lindeman=Australia/Lindeman
pref.timezone.Australia.Lord_Howe=Australia/Lord Howe
pref.timezone.Australia.Melbourne=Australia/Melbourne
pref.timezone.Australia.Perth=Australia/Perth
pref.timezone.Australia.Sydney=Australia/Sydney
pref.timezone.Europe.Amsterdam=Europa/Amsterdam
pref.timezone.Europe.Andorra=Europa/Andorra
pref.timezone.Europe.Athens=Europa/Atenas
pref.timezone.Europe.Belgrade=Europa/Belgrad
pref.timezone.Europe.Berlin=Europa/Berlin
pref.timezone.Europe.Bratislava=Europa/Bratislava
pref.timezone.Europe.Brussels=Europa/Brusela
pref.timezone.Europe.Bucharest=Europa/Bukarest
pref.timezone.Europe.Budapest=Europa/Budapest
pref.timezone.Europe.Chisinau=Europa/Kishinev
pref.timezone.Europe.Copenhagen=Europa/Kopenhage
pref.timezone.Europe.Dublin=Europa/Dublin
pref.timezone.Europe.Gibraltar=Europa/Gibraltar
pref.timezone.Europe.Guernsey=Europa/Guernsey
pref.timezone.Europe.Helsinki=Europa/Helsinki
pref.timezone.Europe.Isle_of_Man=Europa/Man Uhartea
pref.timezone.Europe.Istanbul=Europa/Istanbul
pref.timezone.Europe.Jersey=Europa/Jersey
pref.timezone.Europe.Kaliningrad=Europa/Kaliningrad
pref.timezone.Europe.Kiev=Europa/Kiev
pref.timezone.Europe.Lisbon=Europa/Lisboa
pref.timezone.Europe.Ljubljana=Europa/Ljubljana
pref.timezone.Europe.London=Europa/Londres
pref.timezone.Europe.Luxembourg=Europa/Luxenburgo
pref.timezone.Europe.Madrid=Europa/Madril
pref.timezone.Europe.Malta=Europa/Malta
pref.timezone.Europe.Mariehamn=Europa/Mariehamn
pref.timezone.Europe.Minsk=Europa/Minsk
pref.timezone.Europe.Monaco=Europa/Monako
pref.timezone.Europe.Moscow=Europa/Mosku
pref.timezone.Europe.Nicosia=Europa/Nikosia
pref.timezone.Europe.Oslo=Europa/Oslo
pref.timezone.Europe.Paris=Europa/Paris
pref.timezone.Europe.Podgorica=Europa/Podgorica
pref.timezone.Europe.Prague=Europa/Praga
pref.timezone.Europe.Riga=Europa/Riga
pref.timezone.Europe.Rome=Europa/Erroma
pref.timezone.Europe.Samara=Europa/Samara
pref.timezone.Europe.San_Marino=Europa/San Marino
pref.timezone.Europe.Sarajevo=Europa/Sarajevo
pref.timezone.Europe.Simferopol=Europa/Simferopol
pref.timezone.Europe.Skopje=Europa/Skopje
pref.timezone.Europe.Sofia=Europa/Sofia
pref.timezone.Europe.Stockholm=Europa/Stockholm
pref.timezone.Europe.Tallinn=Europa/Tallinn
pref.timezone.Europe.Tirane=Europa/Tirana
pref.timezone.Europe.Uzhgorod=Europa/Uzhgorod
pref.timezone.Europe.Vaduz=Europa/Vaduz
pref.timezone.Europe.Vatican=Europa/Vatikanoa
pref.timezone.Europe.Vienna=Europa/Viena
pref.timezone.Europe.Vilnius=Europa/Vilnius
pref.timezone.Europe.Volgograd=Europa/Volgograd
pref.timezone.Europe.Warsaw=Europa/Varsovia
pref.timezone.Europe.Zagreb=Europa/Zagreb
pref.timezone.Europe.Zaporozhye=Europa/Zaporojie
pref.timezone.Europe.Zurich=Europa/Zurich
pref.timezone.Indian.Antananarivo=Indikoa/Antananarivo
pref.timezone.Indian.Chagos=Indikoa/Txagos
pref.timezone.Indian.Christmas=Indikoa/Christmas
pref.timezone.Indian.Cocos=Indikoa/Cocos
pref.timezone.Indian.Comoro=Indikoa/Komoreak
pref.timezone.Indian.Kerguelen=Indikoa/Kerguelen
pref.timezone.Indian.Mahe=Indikoa/Mahe
pref.timezone.Indian.Maldives=Indikoa/Maldivak
pref.timezone.Indian.Mauritius=Indikoa/Maurizio
pref.timezone.Indian.Mayotte=Indikoa/Mayotte
pref.timezone.Indian.Reunion=Indikoa/Reunion
pref.timezone.Pacific.Apia=Pazifikoa/Apia
pref.timezone.Pacific.Auckland=Pazifikoa/Auckland
pref.timezone.Pacific.Chatham=Pazifikoa/Chatham
pref.timezone.Pacific.Easter=Pazifikoa/Pazko uhartea
pref.timezone.Pacific.Efate=Pazifikoa/Efate
pref.timezone.Pacific.Enderbury=Pazifikoa/Enderbury
pref.timezone.Pacific.Fakaofo=Pazifikoa/Fakaofo
pref.timezone.Pacific.Fiji=Pazifikoa/Fiji
pref.timezone.Pacific.Funafuti=Pazifikoa/Funafuti
pref.timezone.Pacific.Galapagos=Pazifikoa/Galapagoak
pref.timezone.Pacific.Gambier=Pazifikoa/Gambier
pref.timezone.Pacific.Guadalcanal=Pazifikoa/Guadalcanal
pref.timezone.Pacific.Guam=Pazifikoa/Guam
pref.timezone.Pacific.Honolulu=Pazifikoa/Honolulu
pref.timezone.Pacific.Johnston=Pazifikoa/Johnston
pref.timezone.Pacific.Kiritimati=Pazifikoa/Kiritimati
pref.timezone.Pacific.Kosrae=Pazifikoa/Kosrae
pref.timezone.Pacific.Kwajalein=Pazifikoa/Kwajalein
pref.timezone.Pacific.Majuro=Pazifikoa/Majuro
pref.timezone.Pacific.Marquesas=Pazifikoa/Markesak
pref.timezone.Pacific.Midway=Pazifikoa/Midway
pref.timezone.Pacific.Nauru=Pazifikoa/Nauru
pref.timezone.Pacific.Niue=Pazifikoa/Niue
pref.timezone.Pacific.Norfolk=Pazifikoa/Norfolk
pref.timezone.Pacific.Noumea=Pazifikoa/Noumea
pref.timezone.Pacific.Pago_Pago=Pazifikoa/Pago Pago
pref.timezone.Pacific.Palau=Pazifikoa/Palau
pref.timezone.Pacific.Pitcairn=Pazifikoa/Pitcairn
pref.timezone.Pacific.Ponape=Pazifikoa/Ponape
pref.timezone.Pacific.Port_Moresby=Pazifikoa/Port Moresby
pref.timezone.Pacific.Rarotonga=Pazifikoa/Rarotonga
pref.timezone.Pacific.Saipan=Pazifikoa/Saipan
pref.timezone.Pacific.Tahiti=Pazifikoa/Tahiti
pref.timezone.Pacific.Tarawa=Pazifikoa/Tarawa
pref.timezone.Pacific.Tongatapu=Pazifikoa/Tongatapu
pref.timezone.Pacific.Truk=Pazifikoa/Truk
pref.timezone.Pacific.Wake=Pazifikoa/Wake
pref.timezone.Pacific.Wallis=Pazifikoa/Wallis

# the following have been missing
pref.timezone.America.Indiana.Tell_City=Amerika/Indiana/Tell City
pref.timezone.America.Indiana.Winamac=Amerika/Indiana/Winamac
pref.timezone.America.Marigot=Amerika/Marigot
pref.timezone.America.Resolute=Amerika/Resolute
pref.timezone.America.St_Barthelemy=Amerika/St. Barthelemy

# added with 2008d:
pref.timezone.America.Argentina.San_Luis=Amerika/Argentina/San Luis
pref.timezone.America.Santarem=Amerika/Santarem
pref.timezone.Asia.Ho_Chi_Minh=Asia/Ho Chi Minh
pref.timezone.Asia.Kolkata=Asia/Kolkata

# added with 2008i:
pref.timezone.America.Argentina.Salta=Amerika/Argentina/Salta

# added with 2010i
pref.timezone.America.Matamoros=Amerika/Matamoros
pref.timezone.America.Ojinaga=Amerika/Ojinaga
pref.timezone.America.Santa_Isabel=Amerika/Santa Isabel
pref.timezone.Antarctica.Macquarie=Antartika/Macquarie
pref.timezone.Asia.Novokuznetsk=Asia/Novokuznetsk

#added with 2011b
pref.timezone.America.Bahia_Banderas=Amerika/Bahia Banderas
pref.timezone.America.North_Dakota.Beulah=Amerika/Ipar Dakota/Beulah
pref.timezone.Pacific.Chuuk=Pazifikoa/Chuuk
pref.timezone.Pacific.Pohnpei=Pazifikoa/Pohnpei

#added with 2011n
pref.timezone.Africa.Juba=Afrika/Juba
pref.timezone.America.Kralendijk=Amerika/Kralendijk
pref.timezone.America.Lower_Princes=Amerika/Lower Princes
pref.timezone.America.Metlakatla=Amerika/Metlakatla
pref.timezone.America.Sitka=Amerika/Sitka
pref.timezone.Asia.Hebron=Asia/Hebron

#added with 2013a
pref.timezone.America.Creston=Amerika/Creston
pref.timezone.Asia.Khandyga=Asia/Khandyga
pref.timezone.Asia.Ust-Nera=Asia/Ust-Nera
pref.timezone.Europe.Busingen=Europa/Busingen

#added with 2014b
pref.timezone.Antarctica.Troll=Antartika/Troll

#added with 2014j
pref.timezone.Asia.Chita=Asia/Chita
pref.timezone.Asia.Srednekolymsk=Asia/Srednekolymsk
pref.timezone.Pacific.Bougainville=Barea/Bougainville

#added with 2.2015g
pref.timezone.America.Fort_Nelson=Amerika/Fort Nelson

#added with 2.2016b
pref.timezone.Europe.Ulyanovsk=Europa/Ulyanovsk
pref.timezone.Europe.Astrakhan=Europa/Astrakhan
pref.timezone.Asia.Barnaul=Asia/Barnaul

#added with 2.2016i
pref.timezone.Asia.Yangon=Asia/Yangon
pref.timezone.Asia.Tomsk=Asia/Tomsk
pref.timezone.Asia.Famagusta=Asia/Famagusta
pref.timezone.Europe.Kirov=Europa/Kirov

#added with 2.2016j
pref.timezone.Europe.Saratov=Europa/Saratov
pref.timezone.Asia.Atyrau=Asia/Atyrau

#added with 2.2017b
pref.timezone.America.Punta_Arenas=Amerika/Punta Arenas

#added with 2.2018i
pref.timezone.Asia.Qostanay=Asia/Kostanay

#added with 2.2020a
pref.timezone.America.Nuuk=Amerika/Nuuk
