# This Source Code Form is subject to the terms of the Waterfox Public
# License, v. 2.0. If a copy of the MPL was not distributed with this
# file, You can obtain one at http://mozilla.org/MPL/2.0/.

# extension:
extensions.calendar-timezones@mozilla.org.name=Definições de fuso horário para o Waterfox Calendar
extensions.calendar-timezones@mozilla.org.description=Definições de fuso horário necessárias ao Lightning
extensions.calendar-timezones@mozilla.org.creator=Projeto Waterfox Calendar

pref.timezone.floating=Hora local
pref.timezone.UTC=UTC/GMT

# I've derived this list out of timezones.dtd
# - replaced '_' with ' ' on value side
# - corrected 'St xyz' to 'St. xyz'

# timezone names:
pref.timezone.Africa.Abidjan=África/Abidjan
pref.timezone.Africa.Accra=África/Accra
pref.timezone.Africa.Addis_Ababa=África/Addis_Ababa
pref.timezone.Africa.Algiers=África/Algiers
pref.timezone.Africa.Asmara=África/Asmara
pref.timezone.Africa.Bamako=África/Bamako
pref.timezone.Africa.Bangui=África/Bangui
pref.timezone.Africa.Banjul=África/Banjul
pref.timezone.Africa.Bissau=África/Bissau
pref.timezone.Africa.Blantyre=África/Blantyre
pref.timezone.Africa.Brazzaville=África/Brazzaville
pref.timezone.Africa.Bujumbura=África/Bujumbura
pref.timezone.Africa.Cairo=África/Cairo
pref.timezone.Africa.Casablanca=África/Casablanca
pref.timezone.Africa.Ceuta=África/Ceuta
pref.timezone.Africa.Conakry=África/Conakry
pref.timezone.Africa.Dakar=África/Dakar
pref.timezone.Africa.Dar_es_Salaam=Africa/Dar es Salaam
pref.timezone.Africa.Djibouti=África/Djibouti
pref.timezone.Africa.Douala=África/Douala
pref.timezone.Africa.El_Aaiun=África/El_Aaiun
pref.timezone.Africa.Freetown=África/Freetown
pref.timezone.Africa.Gaborone=África/Gaborone
pref.timezone.Africa.Harare=África/Harare
pref.timezone.Africa.Johannesburg=África/Johannesburg
pref.timezone.Africa.Kampala=África/Kampala
pref.timezone.Africa.Khartoum=África/Khartoum
pref.timezone.Africa.Kigali=África/Kigali
pref.timezone.Africa.Kinshasa=África/Kinshasa
pref.timezone.Africa.Lagos=África/Lagos
pref.timezone.Africa.Libreville=África/Libreville
pref.timezone.Africa.Lome=África/Lome
pref.timezone.Africa.Luanda=África/Luanda
pref.timezone.Africa.Lubumbashi=África/Lubumbashi
pref.timezone.Africa.Lusaka=África/Lusaka
pref.timezone.Africa.Malabo=África/Malabo
pref.timezone.Africa.Maputo=África/Maputo
pref.timezone.Africa.Maseru=África/Maseru
pref.timezone.Africa.Mbabane=África/Mbabane
pref.timezone.Africa.Mogadishu=África/Mogadishu
pref.timezone.Africa.Monrovia=África/Monrovia
pref.timezone.Africa.Nairobi=África/Nairobi
pref.timezone.Africa.Ndjamena=África/Ndjamena
pref.timezone.Africa.Niamey=África/Niamey
pref.timezone.Africa.Nouakchott=África/Nouakchott
pref.timezone.Africa.Ouagadougou=África/Ouagadougou
pref.timezone.Africa.Porto-Novo=África/Porto-Novo
pref.timezone.Africa.Sao_Tome=África/Sao_Tome
pref.timezone.Africa.Tripoli=África/Tripoli
pref.timezone.Africa.Tunis=África/Tunis
pref.timezone.Africa.Windhoek=África/Windhoek
pref.timezone.America.Adak=América/Adak
pref.timezone.America.Anchorage=América/Anchorage
pref.timezone.America.Anguilla=América/Anguilla
pref.timezone.America.Antigua=América/Antigua
pref.timezone.America.Araguaina=América/Araguaina
pref.timezone.America.Argentina.Buenos_Aires=América/Argentina/Buenos_Aires
pref.timezone.America.Argentina.Catamarca=América/Argentina/Catamarca
pref.timezone.America.Argentina.Cordoba=América/Argentina/Cordoba
pref.timezone.America.Argentina.Jujuy=América/Argentina/Jujuy
pref.timezone.America.Argentina.La_Rioja=América/Argentina/La_Rioja
pref.timezone.America.Argentina.Mendoza=América/Argentina/Mendoza
pref.timezone.America.Argentina.Rio_Gallegos=América/Argentina/Rio Gallegos
pref.timezone.America.Argentina.San_Juan=América/Argentina/San Juan
pref.timezone.America.Argentina.Tucuman=America/Argentina/Tucuman
pref.timezone.America.Argentina.Ushuaia=America/Argentina/Ushuaia
pref.timezone.America.Aruba=America/Aruba
pref.timezone.America.Asuncion=America/Asuncion
pref.timezone.America.Atikokan=America/Atikokan
pref.timezone.America.Bahia=America/Bahia
pref.timezone.America.Barbados=America/Barbados
pref.timezone.America.Belem=America/Belem
pref.timezone.America.Belize=America/Belize
pref.timezone.America.Blanc-Sablon=America/Blanc-Sablon
pref.timezone.America.Boa_Vista=America/Boa Vista
pref.timezone.America.Bogota=America/Bogota
pref.timezone.America.Boise=America/Boise
pref.timezone.America.Cambridge_Bay=America/Cambridge Bay
pref.timezone.America.Campo_Grande=America/Campo Grande
pref.timezone.America.Cancun=America/Cancun
pref.timezone.America.Caracas=America/Caracas
pref.timezone.America.Cayenne=America/Cayenne
pref.timezone.America.Cayman=America/Cayman
pref.timezone.America.Chicago=America/Chicago
pref.timezone.America.Chihuahua=America/Chihuahua
pref.timezone.America.Costa_Rica=America/Costa Rica
pref.timezone.America.Cuiaba=America/Cuiaba
pref.timezone.America.Curacao=America/Curacao
pref.timezone.America.Danmarkshavn=America/Danmarkshavn
pref.timezone.America.Dawson=America/Dawson
pref.timezone.America.Dawson_Creek=America/Dawson Creek
pref.timezone.America.Denver=America/Denver
pref.timezone.America.Detroit=America/Detroit
pref.timezone.America.Dominica=America/Dominica
pref.timezone.America.Edmonton=America/Edmonton
pref.timezone.America.Eirunepe=America/Eirunepe
pref.timezone.America.El_Salvador=America/El Salvador
pref.timezone.America.Fortaleza=America/Fortaleza
pref.timezone.America.Glace_Bay=America/Glace Bay
pref.timezone.America.Godthab=America/Godthab
pref.timezone.America.Goose_Bay=America/Goose Bay
pref.timezone.America.Grand_Turk=America/Grand Turk
pref.timezone.America.Grenada=America/Grenada
pref.timezone.America.Guadeloupe=America/Guadeloupe
pref.timezone.America.Guatemala=America/Guatemala
pref.timezone.America.Guayaquil=America/Guayaquil
pref.timezone.America.Guyana=America/Guyana
pref.timezone.America.Halifax=America/Halifax
pref.timezone.America.Havana=America/Havana
pref.timezone.America.Hermosillo=America/Hermosillo
pref.timezone.America.Indiana.Indianapolis=America/Indiana/Indianapolis
pref.timezone.America.Indiana.Knox=America/Indiana/Knox
pref.timezone.America.Indiana.Marengo=America/Indiana/Marengo
pref.timezone.America.Indiana.Petersburg=America/Indiana/Petersburg
pref.timezone.America.Indiana.Vevay=America/Indiana/Vevay
pref.timezone.America.Indiana.Vincennes=America/Indiana/Vincennes
pref.timezone.America.Inuvik=America/Inuvik
pref.timezone.America.Iqaluit=America/Iqaluit
pref.timezone.America.Jamaica=America/Jamaica
pref.timezone.America.Juneau=America/Juneau
pref.timezone.America.Kentucky.Louisville=America/Kentucky/Louisville
pref.timezone.America.Kentucky.Monticello=America/Kentucky/Monticello
pref.timezone.America.La_Paz=America/La Paz
pref.timezone.America.Lima=America/Lima
pref.timezone.America.Los_Angeles=America/Los Angeles
pref.timezone.America.Maceio=America/Maceio
pref.timezone.America.Managua=America/Managua
pref.timezone.America.Manaus=America/Manaus
pref.timezone.America.Martinique=America/Martinique
pref.timezone.America.Mazatlan=America/Mazatlan
pref.timezone.America.Menominee=America/Menominee
pref.timezone.America.Merida=America/Merida
pref.timezone.America.Mexico_City=America/Mexico City
pref.timezone.America.Miquelon=America/Miquelon
pref.timezone.America.Moncton=America/Moncton
pref.timezone.America.Monterrey=America/Monterrey
pref.timezone.America.Montevideo=America/Montevideo
pref.timezone.America.Montreal=America/Montreal
pref.timezone.America.Montserrat=America/Montserrat
pref.timezone.America.Nassau=America/Nassau
pref.timezone.America.New_York=America/New York
pref.timezone.America.Nipigon=America/Nipigon
pref.timezone.America.Nome=America/Nome
pref.timezone.America.Noronha=America/Noronha
pref.timezone.America.North_Dakota.Center=America/North Dakota/Center
pref.timezone.America.North_Dakota.New_Salem=America/North Dakota/New Salem
pref.timezone.America.Panama=America/Panama
pref.timezone.America.Pangnirtung=America/Pangnirtung
pref.timezone.America.Paramaribo=America/Paramaribo
pref.timezone.America.Phoenix=America/Phoenix
pref.timezone.America.Port-au-Prince=America/Port-au-Prince
pref.timezone.America.Port_of_Spain=America/Port of Spain
pref.timezone.America.Porto_Velho=America/Porto Velho
pref.timezone.America.Puerto_Rico=America/Puerto Rico
pref.timezone.America.Rainy_River=America/Rainy River
pref.timezone.America.Rankin_Inlet=America/Rankin Inlet
pref.timezone.America.Recife=America/Recife
pref.timezone.America.Regina=America/Regina
pref.timezone.America.Rio_Branco=America/Rio Branco
pref.timezone.America.Santiago=America/Santiago
pref.timezone.America.Santo_Domingo=America/Santo Domingo
pref.timezone.America.Sao_Paulo=América/São Paulo
pref.timezone.America.Scoresbysund=America/Scoresbysund
pref.timezone.America.Shiprock=America/Shiprock
pref.timezone.America.St_Johns=America/St. Johns
pref.timezone.America.St_Kitts=America/St. Kitts
pref.timezone.America.St_Lucia=America/St. Lucia
pref.timezone.America.St_Thomas=America/St. Thomas
pref.timezone.America.St_Vincent=America/St. Vincent
pref.timezone.America.Swift_Current=America/Swift Current
pref.timezone.America.Tegucigalpa=America/Tegucigalpa
pref.timezone.America.Thule=America/Thule
pref.timezone.America.Thunder_Bay=America/Thunder Bay
pref.timezone.America.Tijuana=America/Tijuana
pref.timezone.America.Toronto=America/Toronto
pref.timezone.America.Tortola=America/Tortola
pref.timezone.America.Vancouver=America/Vancouver
pref.timezone.America.Whitehorse=America/Whitehorse
pref.timezone.America.Winnipeg=America/Winnipeg
pref.timezone.America.Yakutat=America/Yakutat
pref.timezone.America.Yellowknife=America/Yellowknife
pref.timezone.Antarctica.Casey=Antarctica/Casey
pref.timezone.Antarctica.Davis=Antarctica/Davis
pref.timezone.Antarctica.DumontDUrville=Antarctica/DumontDUrville
pref.timezone.Antarctica.Mawson=Antarctica/Mawson
pref.timezone.Antarctica.McMurdo=Antarctica/McMurdo
pref.timezone.Antarctica.Palmer=Antarctica/Palmer
pref.timezone.Antarctica.Rothera=Antarctica/Rothera
pref.timezone.Antarctica.South_Pole=Antarctica/South Pole
pref.timezone.Antarctica.Syowa=Antarctica/Syowa
pref.timezone.Antarctica.Vostok=Antarctica/Vostok
pref.timezone.Arctic.Longyearbyen=Arctic/Longyearbyen
pref.timezone.Asia.Aden=Asia/Aden
pref.timezone.Asia.Almaty=Asia/Almaty
pref.timezone.Asia.Amman=Asia/Amman
pref.timezone.Asia.Anadyr=Asia/Anadyr
pref.timezone.Asia.Aqtau=Asia/Aqtau
pref.timezone.Asia.Aqtobe=Asia/Aqtobe
pref.timezone.Asia.Ashgabat=Asia/Ashgabat
pref.timezone.Asia.Baghdad=Asia/Baghdad
pref.timezone.Asia.Bahrain=Asia/Bahrain
pref.timezone.Asia.Baku=Asia/Baku
pref.timezone.Asia.Bangkok=Asia/Bangkok
pref.timezone.Asia.Beirut=Asia/Beirut
pref.timezone.Asia.Bishkek=Asia/Bishkek
pref.timezone.Asia.Brunei=Asia/Brunei
pref.timezone.Asia.Choibalsan=Asia/Choibalsan
pref.timezone.Asia.Chongqing=Asia/Chongqing
pref.timezone.Asia.Colombo=Asia/Colombo
pref.timezone.Asia.Damascus=Asia/Damascus
pref.timezone.Asia.Dhaka=Asia/Dhaka
pref.timezone.Asia.Dili=Asia/Dili
pref.timezone.Asia.Dubai=Asia/Dubai
pref.timezone.Asia.Dushanbe=Asia/Dushanbe
pref.timezone.Asia.Gaza=Asia/Gaza
pref.timezone.Asia.Harbin=Asia/Harbin
pref.timezone.Asia.Hong_Kong=Asia/Hong Kong
pref.timezone.Asia.Hovd=Asia/Hovd
pref.timezone.Asia.Irkutsk=Asia/Irkutsk
pref.timezone.Asia.Istanbul=Asia/Istanbul
pref.timezone.Asia.Jakarta=Asia/Jakarta
pref.timezone.Asia.Jayapura=Asia/Jayapura
pref.timezone.Asia.Jerusalem=Asia/Jerusalem
pref.timezone.Asia.Kabul=Asia/Kabul
pref.timezone.Asia.Kamchatka=Asia/Kamchatka
pref.timezone.Asia.Karachi=Asia/Karachi
pref.timezone.Asia.Kashgar=Asia/Kashgar
pref.timezone.Asia.Kathmandu=Asia/Kathmandu
pref.timezone.Asia.Krasnoyarsk=Asia/Krasnoyarsk
pref.timezone.Asia.Kuala_Lumpur=Asia/Kuala Lumpur
pref.timezone.Asia.Kuching=Asia/Kuching
pref.timezone.Asia.Kuwait=Asia/Kuwait
pref.timezone.Asia.Macau=Asia/Macau
pref.timezone.Asia.Magadan=Asia/Magadan
pref.timezone.Asia.Makassar=Asia/Makassar
pref.timezone.Asia.Manila=Asia/Manila
pref.timezone.Asia.Muscat=Asia/Muscat
pref.timezone.Asia.Nicosia=Asia/Nicosia
pref.timezone.Asia.Novosibirsk=Asia/Novosibirsk
pref.timezone.Asia.Omsk=Asia/Omsk
pref.timezone.Asia.Oral=Asia/Oral
pref.timezone.Asia.Phnom_Penh=Asia/Phnom Penh
pref.timezone.Asia.Pontianak=Asia/Pontianak
pref.timezone.Asia.Pyongyang=Asia/Pyongyang
pref.timezone.Asia.Qatar=Asia/Qatar
pref.timezone.Asia.Qyzylorda=Asia/Qyzylorda
pref.timezone.Asia.Rangoon=Asia/Rangoon
pref.timezone.Asia.Riyadh=Asia/Riyadh
pref.timezone.Asia.Sakhalin=Asia/Sakhalin
pref.timezone.Asia.Samarkand=Asia/Samarkand
pref.timezone.Asia.Seoul=Asia/Seoul
pref.timezone.Asia.Shanghai=Asia/Shanghai
pref.timezone.Asia.Singapore=Asia/Singapore
pref.timezone.Asia.Taipei=Asia/Taipei
pref.timezone.Asia.Tashkent=Asia/Tashkent
pref.timezone.Asia.Tbilisi=Asia/Tbilisi
pref.timezone.Asia.Tehran=Asia/Tehran
pref.timezone.Asia.Thimphu=Asia/Thimphu
pref.timezone.Asia.Tokyo=Asia/Tokyo
pref.timezone.Asia.Ulaanbaatar=Asia/Ulaanbaatar
pref.timezone.Asia.Urumqi=Asia/Urumqi
pref.timezone.Asia.Vientiane=Asia/Vientiane
pref.timezone.Asia.Vladivostok=Asia/Vladivostok
pref.timezone.Asia.Yakutsk=Asia/Yakutsk
pref.timezone.Asia.Yekaterinburg=Asia/Yekaterinburg
pref.timezone.Asia.Yerevan=Asia/Yerevan
pref.timezone.Atlantic.Azores=Atlantic/Azores
pref.timezone.Atlantic.Bermuda=Atlantic/Bermuda
pref.timezone.Atlantic.Canary=Atlantic/Canary
pref.timezone.Atlantic.Cape_Verde=Atlantic/Cape Verde
pref.timezone.Atlantic.Faroe=Atlantic/Faroe
pref.timezone.Atlantic.Madeira=Atlantic/Madeira
pref.timezone.Atlantic.Reykjavik=Atlantic/Reykjavik
pref.timezone.Atlantic.South_Georgia=Atlantic/South Georgia
pref.timezone.Atlantic.St_Helena=Atlantic/St. Helena
pref.timezone.Atlantic.Stanley=Atlantic/Stanley
pref.timezone.Australia.Adelaide=Australia/Adelaide
pref.timezone.Australia.Brisbane=Australia/Brisbane
pref.timezone.Australia.Broken_Hill=Australia/Broken Hill
pref.timezone.Australia.Currie=Australia/Currie
pref.timezone.Australia.Darwin=Australia/Darwin
pref.timezone.Australia.Eucla=Australia/Eucla
pref.timezone.Australia.Hobart=Australia/Hobart
pref.timezone.Australia.Lindeman=Australia/Lindeman
pref.timezone.Australia.Lord_Howe=Australia/Lord Howe
pref.timezone.Australia.Melbourne=Australia/Melbourne
pref.timezone.Australia.Perth=Australia/Perth
pref.timezone.Australia.Sydney=Australia/Sydney
pref.timezone.Europe.Amsterdam=Europe/Amsterdam
pref.timezone.Europe.Andorra=Europe/Andorra
pref.timezone.Europe.Athens=Europe/Athens
pref.timezone.Europe.Belgrade=Europe/Belgrade
pref.timezone.Europe.Berlin=Europe/Berlin
pref.timezone.Europe.Bratislava=Europe/Bratislava
pref.timezone.Europe.Brussels=Europe/Brussels
pref.timezone.Europe.Bucharest=Europe/Bucharest
pref.timezone.Europe.Budapest=Europe/Budapest
pref.timezone.Europe.Chisinau=Europe/Chisinau
pref.timezone.Europe.Copenhagen=Europe/Copenhagen
pref.timezone.Europe.Dublin=Europe/Dublin
pref.timezone.Europe.Gibraltar=Europe/Gibraltar
pref.timezone.Europe.Guernsey=Europe/Guernsey
pref.timezone.Europe.Helsinki=Europe/Helsinki
pref.timezone.Europe.Isle_of_Man=Europe/Isle of Man
pref.timezone.Europe.Istanbul=Europe/Istanbul
pref.timezone.Europe.Jersey=Europe/Jersey
pref.timezone.Europe.Kaliningrad=Europe/Kaliningrad
pref.timezone.Europe.Kiev=Europe/Kiev
pref.timezone.Europe.Lisbon=Europe/Lisbon
pref.timezone.Europe.Ljubljana=Europe/Ljubljana
pref.timezone.Europe.London=Europe/London
pref.timezone.Europe.Luxembourg=Europe/Luxembourg
pref.timezone.Europe.Madrid=Europe/Madrid
pref.timezone.Europe.Malta=Europe/Malta
pref.timezone.Europe.Mariehamn=Europe/Mariehamn
pref.timezone.Europe.Minsk=Europe/Minsk
pref.timezone.Europe.Monaco=Europe/Monaco
pref.timezone.Europe.Moscow=Europe/Moscow
pref.timezone.Europe.Nicosia=Europe/Nicosia
pref.timezone.Europe.Oslo=Europe/Oslo
pref.timezone.Europe.Paris=Europe/Paris
pref.timezone.Europe.Podgorica=Europe/Podgorica
pref.timezone.Europe.Prague=Europe/Prague
pref.timezone.Europe.Riga=Europe/Riga
pref.timezone.Europe.Rome=Europe/Rome
pref.timezone.Europe.Samara=Europe/Samara
pref.timezone.Europe.San_Marino=Europe/San Marino
pref.timezone.Europe.Sarajevo=Europe/Sarajevo
pref.timezone.Europe.Simferopol=Europe/Simferopol
pref.timezone.Europe.Skopje=Europe/Skopje
pref.timezone.Europe.Sofia=Europe/Sofia
pref.timezone.Europe.Stockholm=Europe/Stockholm
pref.timezone.Europe.Tallinn=Europe/Tallinn
pref.timezone.Europe.Tirane=Europe/Tirane
pref.timezone.Europe.Uzhgorod=Europe/Uzhgorod
pref.timezone.Europe.Vaduz=Europe/Vaduz
pref.timezone.Europe.Vatican=Europe/Vatican
pref.timezone.Europe.Vienna=Europe/Vienna
pref.timezone.Europe.Vilnius=Europe/Vilnius
pref.timezone.Europe.Volgograd=Europe/Volgograd
pref.timezone.Europe.Warsaw=Europe/Warsaw
pref.timezone.Europe.Zagreb=Europe/Zagreb
pref.timezone.Europe.Zaporozhye=Europe/Zaporozhye
pref.timezone.Europe.Zurich=Europe/Zurich
pref.timezone.Indian.Antananarivo=Indian/Antananarivo
pref.timezone.Indian.Chagos=Indian/Chagos
pref.timezone.Indian.Christmas=Indian/Christmas
pref.timezone.Indian.Cocos=Indian/Cocos
pref.timezone.Indian.Comoro=Indian/Comoro
pref.timezone.Indian.Kerguelen=Indian/Kerguelen
pref.timezone.Indian.Mahe=Indian/Mahe
pref.timezone.Indian.Maldives=Indian/Maldives
pref.timezone.Indian.Mauritius=Indian/Mauritius
pref.timezone.Indian.Mayotte=Indian/Mayotte
pref.timezone.Indian.Reunion=Indian/Reunion
pref.timezone.Pacific.Apia=Pacific/Apia
pref.timezone.Pacific.Auckland=Pacific/Auckland
pref.timezone.Pacific.Chatham=Pacific/Chatham
pref.timezone.Pacific.Easter=Pacific/Easter
pref.timezone.Pacific.Efate=Pacific/Efate
pref.timezone.Pacific.Enderbury=Pacific/Enderbury
pref.timezone.Pacific.Fakaofo=Pacific/Fakaofo
pref.timezone.Pacific.Fiji=Pacific/Fiji
pref.timezone.Pacific.Funafuti=Pacific/Funafuti
pref.timezone.Pacific.Galapagos=Pacific/Galapagos
pref.timezone.Pacific.Gambier=Pacific/Gambier
pref.timezone.Pacific.Guadalcanal=Pacific/Guadalcanal
pref.timezone.Pacific.Guam=Pacific/Guam
pref.timezone.Pacific.Honolulu=Pacific/Honolulu
pref.timezone.Pacific.Johnston=Pacific/Johnston
pref.timezone.Pacific.Kiritimati=Pacific/Kiritimati
pref.timezone.Pacific.Kosrae=Pacific/Kosrae
pref.timezone.Pacific.Kwajalein=Pacific/Kwajalein
pref.timezone.Pacific.Majuro=Pacific/Majuro
pref.timezone.Pacific.Marquesas=Pacific/Marquesas
pref.timezone.Pacific.Midway=Pacific/Midway
pref.timezone.Pacific.Nauru=Pacific/Nauru
pref.timezone.Pacific.Niue=Pacific/Niue
pref.timezone.Pacific.Norfolk=Pacific/Norfolk
pref.timezone.Pacific.Noumea=Pacific/Noumea
pref.timezone.Pacific.Pago_Pago=Pacific/Pago Pago
pref.timezone.Pacific.Palau=Pacific/Palau
pref.timezone.Pacific.Pitcairn=Pacific/Pitcairn
pref.timezone.Pacific.Ponape=Pacific/Ponape
pref.timezone.Pacific.Port_Moresby=Pacific/Port Moresby
pref.timezone.Pacific.Rarotonga=Pacific/Rarotonga
pref.timezone.Pacific.Saipan=Pacific/Saipan
pref.timezone.Pacific.Tahiti=Pacific/Tahiti
pref.timezone.Pacific.Tarawa=Pacific/Tarawa
pref.timezone.Pacific.Tongatapu=Pacific/Tongatapu
pref.timezone.Pacific.Truk=Pacific/Truk
pref.timezone.Pacific.Wake=Pacific/Wake
pref.timezone.Pacific.Wallis=Pacific/Wallis

# the following have been missing
pref.timezone.America.Indiana.Tell_City=America/Indiana/Tell City
pref.timezone.America.Indiana.Winamac=America/Indiana/Winamac
pref.timezone.America.Marigot=America/Marigot
pref.timezone.America.Resolute=America/Resolute
pref.timezone.America.St_Barthelemy=America/St. Barthelemy

# added with 2008d:
pref.timezone.America.Argentina.San_Luis=America/Argentina/San Luis
pref.timezone.America.Santarem=America/Santarem
pref.timezone.Asia.Ho_Chi_Minh=Asia/Ho Chi Minh
pref.timezone.Asia.Kolkata=Asia/Kolkata

# added with 2008i:
pref.timezone.America.Argentina.Salta=America/Argentina/Salta

# added with 2010i
pref.timezone.America.Matamoros=America/Matamoros
pref.timezone.America.Ojinaga=America/Ojinaga
pref.timezone.America.Santa_Isabel=America/Santa Isabel
pref.timezone.Antarctica.Macquarie=Antarctica/Macquarie
pref.timezone.Asia.Novokuznetsk=Asia/Novokuznetsk

#added with 2011b
pref.timezone.America.Bahia_Banderas=América/Bahia
pref.timezone.America.North_Dakota.Beulah=América/Dakota do norte/Beulah
pref.timezone.Pacific.Chuuk=Pacífico/Chuuk
pref.timezone.Pacific.Pohnpei=Pacífico/Pohnpei

#added with 2011n
pref.timezone.Africa.Juba=África/Juba
pref.timezone.America.Kralendijk=América/Kralendijk
pref.timezone.America.Lower_Princes=América/Lower Princes
pref.timezone.America.Metlakatla=América/Metlakatla
pref.timezone.America.Sitka=América/Sitka
pref.timezone.Asia.Hebron=Ásia/Hebron

#added with 2013a
pref.timezone.America.Creston=América/Creston
pref.timezone.Asia.Khandyga=Ásia/Khandyga
pref.timezone.Asia.Ust-Nera=Ásia/Ust-Nera
pref.timezone.Europe.Busingen=Europa/Busingen

#added with 2014b
pref.timezone.Antarctica.Troll=Antártica/Troll

#added with 2014j
pref.timezone.Asia.Chita=Ásia/Chita
pref.timezone.Asia.Srednekolymsk=Ásia/Srednekolymsk
pref.timezone.Pacific.Bougainville=Pacífico/Bougainville

#added with 2.2015g
pref.timezone.America.Fort_Nelson=América/Forte Nelson

#added with 2.2016b
pref.timezone.Europe.Ulyanovsk=Europa/Ulyanovsk
pref.timezone.Europe.Astrakhan=Europa/Astrakhan
pref.timezone.Asia.Barnaul=Ásia/Barnaul

#added with 2.2016i
pref.timezone.Asia.Yangon=Ásia/Yangon
pref.timezone.Asia.Tomsk=Ásia/Tomsk
pref.timezone.Asia.Famagusta=Ásia/Famagusta
pref.timezone.Europe.Kirov=Europa/Kirov

#added with 2.2016j
pref.timezone.Europe.Saratov=Europa/Saratov
pref.timezone.Asia.Atyrau=Ásia/Atyrau

#added with 2.2017b
pref.timezone.America.Punta_Arenas=América/Punta Arenas

#added with 2.2018i
pref.timezone.Asia.Qostanay=Ásia/Qostanay

#added with 2.2020a
pref.timezone.America.Nuuk=América/Nuuk
